0,0,1,0,0.25,-8,-3
0,1,2,0,0.25,8,2
0,4,3,0,0.25,9,-10
0,3,1,0,0.25,9,-4
0,4,0,0,0.25,-10,3
0,1,3,0,0.25,1,-7
0,0,1,0,0.25,4,-5
0,1,2,0,0.25,4,-6
0,4,2,-1,0.25,2,8
0,7,2,-1,0.25,-6,-4
0,7,1,1,0.25,-6,-5
1,0,2,0,0.25,0,-9
1,3,3,0,0.25,7,5
1,3,1,0,0.25,0,-3
1,4,3,0,0.25,-8,4
1,3,2,0,0.25,-6,-9
1,6,1,-1,0.25,-5,-6
1,7,3,0,0.25,9,5
1,6,3,0,0.25,-7,-6
1,6,3,0,0.25,-3,-3
1,6,1,-1,0.25,5,6
1,7,3,0,0.25,-2,5
1,6,1,-1,0.25,-10,5
1,7,3,0,0.25,-8,-2
1,6,3,0,0.25,-4,-4
1,6,3,0,0.25,4,6
1,6,1,-1,0.25,-10,-8
1,7,0,0,0.25,9,-2
1,4,2,-1,0.25,-1,-5
1,7,0,0,0.25,6,-3
1,4,3,0,0.25,3,6
1,3,3,0,0.25,-7,-4
1,3,2,0,0.25,-8,9
1,6,3,0,0.25,6,2
1,6,3,0,0.25,-3,-3
1,6,1,-1,0.25,2,5
1,7,1,1,0.25,-10,3
2,0,3,0,0.25,9,8
2,0,0,0,0.25,-7,0
2,0,2,0,0.25,7,-5
2,3,0,0,0.25,5,-3
2,0,3,0,0.25,-3,-1
2,0,3,0,0.25,3,8
2,0,2,0,0.25,-4,-7
2,3,0,0,0.25,-9,3
2,0,1,0,0.25,6,-2
2,1,3,0,0.25,3,-8
2,0,1,0,0.25,-4,-5
2,1,3,0,0.25,-2,-2
2,0,2,0,0.25,-1,6
2,3,1,0,0.25,-8,-8
2,4,2,-1,0.25,-3,2
2,7,2,-1,0.25,-10,-4
2,7,2,-1,0.25,2,-4
2,7,1,1,0.25,2,3
3,0,2,0,0.25,7,-7
3,3,0,0,0.25,-3,-5
3,0,3,0,0.25,-8,8
3,0,3,0,0.25,5,0
3,0,1,0,0.25,1,4
3,1,1,0,0.25,4,-1
3,2,1,0,0.25,2,8
3,2,0,0,0.25,1,9
3,2,2,0,0.25,5,-9
3,5,2,1,0.25,-9,4
4,0,0,0,0.25,-3,-8
4,0,2,0,0.25,6,7
4,3,3,0,0.25,-8,5
4,3,2,0,0.25,-3,3
4,6,2,0,0.25,-9,5
4,6,0,0,0.25,2,-8
4,3,3,0,0.25,9,5
4,3,3,0,0.25,-7,-8
4,3,2,0,0.25,7,1
4,6,1,-1,0.25,-4,7
4,7,3,0,0.25,-6,-10
4,6,3,0,0.25,-2,5
4,6,1,-1,0.25,4,4
4,7,1,1,0.25,1,2
5,0,1,0,0.25,9,3
5,1,2,0,0.25,9,7
5,4,0,0,0.25,6,8
5,1,0,0,0.25,0,2
5,1,2,0,0.25,4,-2
5,4,3,0,0.25,9,-7
5,3,1,0,0.25,9,-3
5,4,0,0,0.25,0,5
5,1,3,0,0.25,-4,-4
5,0,1,0,0.25,4,-5
5,1,2,0,0.25,-8,-10
5,4,3,0,0.25,-8,-6
5,3,2,0,0.25,3,2
5,6,3,0,0.25,-4,-2
5,6,0,0,0.25,2,5
5,3,3,0,0.25,-1,-3
5,3,3,0,0.25,3,-8
5,3,1,0,0.25,2,-1
5,4,2,-1,0.25,-9,4
5,7,1,1,0.25,2,1
6,0,0,0,0.25,2,-10
6,0,0,0,0.25,-9,9
6,0,0,0,0.25,-9,7
6,0,2,0,0.25,-3,6
6,3,3,0,0.25,-2,9
6,3,2,0,0.25,-3,7
6,6,0,0,0.25,4,-5
6,3,1,0,0.25,2,0
6,4,2,-1,0.25,-8,-7
6,7,2,-1,0.25,8,-9
6,7,1,1,0.25,0,-10
7,0,3,0,0.25,8,8
7,0,0,0,0.25,-9,8
7,0,0,0,0.25,8,4
7,0,1,0,0.25,-8,3
7,1,0,0,0.25,2,7
7,1,1,0,0.25,-3,6
7,2,0,0,0.25,-4,1
7,2,1,0,0.25,8,8
7,2,3,0,0.25,-2,6
7,1,0,0,0.25,3,1
7,1,0,0,0.25,-7,7
7,1,3,0,0.25,4,0
7,0,2,0,0.25,-10,6
7,3,2,0,0.25,-6,5
7,6,1,-1,0.25,-2,-7
7,7,0,0,0.25,5,3
7,4,2,-1,0.25,9,-10
7,7,0,0,0.25,5,-7
7,4,2,-1,0.25,7,-1
7,7,3,0,0.25,6,1
7,6,0,0,0.25,-6,1
7,3,1,0,0.25,-4,2
7,4,0,0,0.25,-7,6
7,1,1,0,0.25,-1,9
7,2,3,0,0.25,-9,7
7,1,3,0,0.25,-2,-2
7,0,0,0,0.25,-1,2
7,0,3,0,0.25,4,1
7,0,1,0,0.25,3,7
7,1,3,0,0.25,-2,-3
7,0,3,0,0.25,7,-5
7,0,3,0,0.25,0,1
7,0,3,0,0.25,3,-1
7,0,0,0,0.25,5,2
7,0,1,0,0.25,-4,-7
7,1,1,0,0.25,-6,3
7,2,2,0,0.25,-5,6
7,5,3,0,0.25,8,0
7,4,2,-1,0.25,-8,-6
7,7,1,1,0.25,-9,-2
8,0,0,0,0.25,7,0
8,0,0,0,0.25,-5,-9
8,0,1,0,0.25,1,6
8,1,0,0,0.25,-8,9
8,1,0,0,0.25,1,-10
8,1,3,0,0.25,-4,0
8,0,0,0,0.25,8,-8
8,0,0,0,0.25,-1,8
8,0,0,0,0.25,-2,-9
8,0,3,0,0.25,-7,7
8,0,2,0,0.25,-8,3
8,3,3,0,0.25,1,5
8,3,0,0,0.25,-2,-3
8,0,3,0,0.25,9,-2
8,0,2,0,0.25,-4,-5
8,3,3,0,0.25,6,6
8,3,1,0,0.25,3,-7
8,4,3,0,0.25,-10,-5
8,3,1,0,0.25,-10,-8
8,4,3,0,0.25,8,-10
8,3,1,0,0.25,5,6
8,4,3,0,0.25,7,-6
8,3,2,0,0.25,7,2
8,6,2,0,0.25,6,7
8,6,2,0,0.25,-3,-2
8,6,1,-1,0.25,-8,-8
8,7,3,0,0.25,-9,6
8,6,3,0,0.25,-1,-5
8,6,2,0,0.25,-5,-3
8,6,1,-1,0.25,-1,-4
8,7,0,0,0.25,2,2
8,4,2,-1,0.25,2,7
8,7,2,-1,0.25,-6,9
8,7,0,0,0.25,1,-2
8,4,0,0,0.25,3,2
8,1,2,0,0.25,-10,1
8,4,0,0,0.25,-2,-9
8,1,1,0,0.25,-3,-6
8,2,3,0,0.25,0,0
8,1,0,0,0.25,2,0
8,1,2,0,0.25,-10,-5
8,4,0,0,0.25,3,2
8,1,1,0,0.25,6,-5
8,2,0,0,0.25,-1,7
8,2,3,0,0.25,2,3
8,1,0,0,0.25,3,-6
8,1,3,0,0.25,-3,6
8,0,0,0,0.25,9,4
8,0,3,0,0.25,8,-1
8,0,1,0,0.25,-10,-9
8,1,2,0,0.25,9,-2
8,4,0,0,0.25,-6,-10
8,1,0,0,0.25,6,-6
8,1,0,0,0.25,4,8
8,1,0,0,0.25,4,2
8,1,3,0,0.25,-4,4
8,0,3,0,0.25,2,-7
8,0,3,0,0.25,4,-8
8,0,2,0,0.25,-7,-4
8,3,1,0,0.25,-5,-7
8,4,1,0,0.25,-4,-10
8,5,1,0,0.25,-5,8
8,5,0,0,0.25,-1,-2
8,2,2,0,0.25,6,7
8,5,2,1,0.25,-9,-8
9,0,0,0,0.25,3,-7
9,0,1,0,0.25,-8,-8
9,1,0,0,0.25,7,7
9,1,2,0,0.25,-10,2
9,4,0,0,0.25,1,5
9,1,1,0,0.25,5,-5
9,2,3,0,0.25,-2,-10
9,1,0,0,0.25,0,-8
9,1,0,0,0.25,7,1
9,1,3,0,0.25,-3,-9
9,0,2,0,0.25,-2,2
9,3,3,0,0.25,7,6
9,3,3,0,0.25,-10,9
9,3,1,0,0.25,6,6
9,4,2,-1,0.25,-6,-3
9,7,3,0,0.25,1,6
9,6,0,0,0.25,3,0
9,3,0,0,0.25,-5,8
9,0,0,0,0.25,-7,7
9,0,3,0,0.25,9,-6
9,0,0,0,0.25,3,-10
9,0,0,0,0.25,-6,8
9,0,2,0,0.25,-7,6
9,3,3,0,0.25,-5,1
9,3,0,0,0.25,-4,-5
9,0,3,0,0.25,9,-8
9,0,1,0,0.25,-1,-1
9,1,0,0,0.25,-10,0
9,1,1,0,0.25,-9,3
9,2,3,0,0.25,-6,8
9,1,0,0,0.25,2,-2
9,1,2,0,0.25,8,-2
9,4,2,-1,0.25,5,-4
9,7,2,-1,0.25,5,-9
9,7,3,0,0.25,9,5
9,6,0,0,0.25,-8,7
9,3,3,0,0.25,3,-7
9,3,2,0,0.25,8,-3
9,6,2,0,0.25,-8,7
9,6,0,0,0.25,9,-6
9,3,3,0,0.25,8,-10
9,3,3,0,0.25,2,-9
9,3,3,0,0.25,-7,4
9,3,1,0,0.25,2,6
9,4,3,0,0.25,6,1
9,3,0,0,0.25,9,4
9,0,0,0,0.25,5,-1
9,0,2,0,0.25,0,8
9,3,2,0,0.25,8,-8
9,6,3,0,0.25,-8,5
9,6,2,0,0.25,5,3
9,6,0,0,0.25,4,8
9,3,3,0,0.25,-1,-6
9,3,1,0,0.25,-8,3
9,4,1,0,0.25,-4,-6
9,5,3,0,0.25,-7,2
9,4,1,0,0.25,-7,-1
9,5,3,0,0.25,8,-2
9,4,1,0,0.25,-7,1
9,5,1,0,0.25,3,-4
9,5,2,1,0.25,2,-9
10,0,2,0,0.25,9,8
10,3,2,0,0.25,7,2
10,6,2,0,0.25,-9,0
10,6,1,-1,0.25,7,-4
10,7,1,1,0.25,7,-2
11,0,0,0,0.25,-1,-10
11,0,3,0,0.25,2,-10
11,0,3,0,0.25,-3,3
11,0,0,0,0.25,-4,4
11,0,0,0,0.25,7,2
11,0,2,0,0.25,-7,-2
11,3,0,0,0.25,1,8
11,0,2,0,0.25,4,6
11,3,1,0,0.25,-6,-5
11,4,2,-1,0.25,-9,-2
11,7,2,-1,0.25,-6,-8
11,7,2,-1,0.25,8,-9
11,7,2,-1,0.25,7,1
11,7,0,0,0.25,1,-4
11,4,3,0,0.25,-3,-8
11,3,2,0,0.25,-8,-10
11,6,1,-1,0.25,-2,8
11,7,3,0,0.25,-1,1
11,6,1,-1,0.25,6,-1
11,7,2,-1,0.25,-10,-6
11,7,2,-1,0.25,5,3
11,7,3,0,0.25,2,0
11,6,1,-1,0.25,2,-7
11,7,3,0,0.25,2,-6
11,6,0,0,0.25,5,6
11,3,0,0,0.25,-4,-9
11,0,3,0,0.25,-7,4
11,0,3,0,0.25,6,5
11,0,2,0,0.25,5,9
11,3,2,0,0.25,-3,-2
11,6,3,0,0.25,-9,4
11,6,0,0,0.25,9,-7
11,3,2,0,0.25,-2,4
11,6,1,-1,0.25,5,6
11,7,0,0,0.25,4,-9
11,4,2,-1,0.25,-10,-6
11,7,1,1,0.25,3,-4
12,0,3,0,0.25,-5,-1
12,0,2,0,0.25,-7,-1
12,3,1,0,0.25,4,2
12,4,2,-1,0.25,0,2
12,7,1,1,0.25,-7,5
13,0,2,0,0.25,-3,-7
13,3,3,0,0.25,-6,0
13,3,2,0,0.25,-3,7
13,6,1,-1,0.25,1,8
13,7,3,0,0.25,-2,3
13,6,2,0,0.25,3,-3
13,6,2,0,0.25,1,-4
13,6,0,0,0.25,-4,0
13,3,3,0,0.25,0,2
13,3,1,0,0.25,2,-10
13,4,2,-1,0.25,3,-10
13,7,0,0,0.25,1,-6
13,4,0,0,0.25,9,-7
13,1,2,0,0.25,-2,7
13,4,3,0,0.25,-1,-6
13,3,0,0,0.25,-10,7
13,0,1,0,0.25,-8,4
13,1,2,0,0.25,7,2
13,4,1,0,0.25,1,-3
13,5,3,0,0.25,-3,-6
13,4,0,0,0.25,8,-6
13,1,1,0,0.25,9,-1
13,2,0,0,0.25,4,1
13,2,0,0,0.25,7,-6
13,2,1,0,0.25,0,3
13,2,3,0,0.25,-4,-8
13,1,2,0,0.25,-5,-2
13,4,0,0,0.25,-9,0
13,1,3,0,0.25,-6,-9
13,0,0,0,0.25,6,8
13,0,3,0,0.25,-9,2
13,0,0,0,0.25,-5,-2
13,0,3,0,0.25,-5,7
13,0,0,0,0.25,3,-9
13,0,3,0,0.25,1,6
13,0,3,0,0.25,6,-1
13,0,2,0,0.25,-2,-6
13,3,3,0,0.25,-7,0
13,3,3,0,0.25,4,3
13,3,0,0,0.25,-6,-4
13,0,1,0,0.25,3,1
13,1,1,0,0.25,-1,9
13,2,2,0,0.25,4,9
13,5,0,0,0.25,4,9
13,2,1,0,0.25,-6,-10
13,2,3,0,0.25,-4,-1
13,1,3,0,0.25,9,-4
13,0,0,0,0.25,-10,-10
13,0,2,0,0.25,-1,-6
13,3,3,0,0.25,-7,2
13,3,2,0,0.25,-8,1
13,6,0,0,0.25,-3,4
13,3,2,0,0.25,3,6
13,6,0,0,0.25,-8,3
13,3,0,0,0.25,-6,-1
13,0,3,0,0.25,1,-1
13,0,3,0,0.25,-9,-6
13,0,0,0,0.25,-8,4
13,0,0,0,0.25,-3,-6
13,0,0,0,0.25,-6,-7
13,0,2,0,0.25,7,-8
13,3,0,0,0.25,3,-4
13,0,1,0,0.25,-8,8
13,1,0,0,0.25,5,-8
13,1,2,0,0.25,5,-10
13,4,3,0,0.25,-7,9
13,3,3,0,0.25,-4,8
13,3,1,0,0.25,-7,-4
13,4,0,0,0.25,2,-3
13,1,3,0,0.25,-2,4
13,0,3,0,0.25,-9,-1
13,0,1,0,0.25,8,3
13,1,1,0,0.25,-9,8
13,2,2,0,0.25,-7,1
13,5,0,0,0.25,-3,-9
13,2,1,0,0.25,7,-9
13,2,1,0,0.25,-6,9
13,2,1,0,0.25,-3,-6
13,2,3,0,0.25,5,9
13,1,2,0,0.25,2,1
13,4,2,-1,0.25,-6,4
13,7,0,0,0.25,-9,-8
13,4,2,-1,0.25,1,-2
13,7,0,0,0.25,-10,-5
13,4,0,0,0.25,-7,9
13,1,0,0,0.25,2,8
13,1,1,0,0.25,-5,-1
13,2,2,0,0.25,8,0
13,5,0,0,0.25,1,9
13,2,0,0,0.25,9,4
13,2,3,0,0.25,8,-10
13,1,0,0,0.25,1,9
13,1,2,0,0.25,-7,-8
13,4,2,-1,0.25,8,-6
13,7,2,-1,0.25,-9,-4
13,7,3,0,0.25,-2,8
13,6,2,0,0.25,1,4
13,6,2,0,0.25,-7,-2
13,6,3,0,0.25,-5,5
13,6,0,0,0.25,7,-10
14,0,3,0,0.25,4,6
14,0,0,0,0.25,5,9
14,0,3,0,0.25,-4,-8
14,0,2,0,0.25,-10,6
14,3,1,0,0.25,-4,8
14,4,0,0,0.25,8,-7
14,1,3,0,0.25,-10,5
14,0,2,0,0.25,0,4
14,3,3,0,0.25,1,6
14,3,1,0,0.25,7,-2
14,4,1,0,0.25,-10,-2
14,5,3,0,0.25,-1,9
14,4,2,-1,0.25,3,5
14,7,0,0,0.25,-9,-3
14,4,1,0,0.25,-4,-5
14,5,3,0,0.25,7,-1
14,4,3,0,0.25,0,7
14,3,0,0,0.25,0,5
14,0,2,0,0.25,-3,6
14,3,0,0,0.25,6,-4
14,0,2,0,0.25,-6,8
14,3,1,0,0.25,-5,-5
14,4,3,0,0.25,3,8
14,3,1,0,0.25,-3,-6
14,4,1,0,0.25,8,9
14,5,3,0,0.25,-2,-8
14,4,0,0,0.25,1,-9
14,1,2,0,0.25,8,-4
14,4,0,0,0.25,-8,3
14,1,3,0,0.25,-10,-7
14,0,3,0,0.25,3,-9
14,0,0,0,0.25,9,2
14,0,3,0,0.25,2,-5
14,0,0,0,0.25,-9,5
14,0,2,0,0.25,2,-2
14,3,3,0,0.25,-10,0
14,3,2,0,0.25,-4,-1
14,6,2,0,0.25,-3,5
14,6,2,0,0.25,4,6
14,6,3,0,0.25,7,5
14,6,1,-1,0.25,-10,-6
14,7,3,0,0.25,-10,6
14,6,1,-1,0.25,3,4
14,7,3,0,0.25,5,-5
14,6,3,0,0.25,3,1
14,6,3,0,0.25,9,5
14,6,3,0,0.25,-1,-5
14,6,2,0,0.25,3,-9
14,6,0,0,0.25,2,7
14,3,3,0,0.25,0,-3
14,3,3,0,0.25,-9,-1
14,3,0,0,0.25,-3,8
14,0,2,0,0.25,-6,7
14,3,2,0,0.25,-6,0
14,6,3,0,0.25,-7,7
14,6,0,0,0.25,-9,-4
14,3,3,0,0.25,-10,6
14,3,0,0,0.25,1,4
14,0,1,0,0.25,1,-6
14,1,2,0,0.25,0,-4
14,4,2,-1,0.25,7,1
14,7,2,-1,0.25,-10,7
14,7,3,0,0.25,-4,7
14,6,2,0,0.25,-3,8
14,6,2,0,0.25,-8,3
14,6,0,0,0.25,-5,-3
14,3,0,0,0.25,5,-5
14,0,0,0,0.25,7,0
14,0,2,0,0.25,-3,-6
14,3,0,0,0.25,-9,5
14,0,0,0,0.25,-5,1
14,0,0,0,0.25,-10,-6
14,0,0,0,0.25,-5,-10
14,0,3,0,0.25,-2,-10
14,0,3,0,0.25,-9,7
14,0,0,0,0.25,-1,-4
14,0,1,0,0.25,-7,-2
14,1,0,0,0.25,9,-8
14,1,0,0,0.25,-9,5
14,1,1,0,0.25,-2,-1
14,2,0,0,0.25,-1,3
14,2,0,0,0.25,-3,2
14,2,3,0,0.25,-6,-10
14,1,0,0,0.25,-1,5
14,1,1,0,0.25,9,7
14,2,0,0,0.25,-9,-5
14,2,0,0,0.25,-3,-1
14,2,1,0,0.25,1,9
14,2,0,0,0.25,-8,-9
14,2,3,0,0.25,0,7
14,1,2,0,0.25,-7,9
14,4,1,0,0.25,-3,-2
14,5,0,0,0.25,6,5
14,2,1,0,0.25,-9,-3
14,2,1,0,0.25,9,-2
14,2,1,0,0.25,-2,-10
14,2,1,0,0.25,-3,-1
14,2,1,0,0.25,8,-2
14,2,3,0,0.25,3,1
14,1,1,0,0.25,-5,3
15,0,2,0,0.25,9,6
15,3,1,0,0.25,9,2
15,4,1,0,0.25,-8,-3
15,5,2,1,0.25,-8,9
16,0,3,0,0.25,-9,0
16,0,3,0,0.25,1,-6
16,0,0,0,0.25,7,-1
16,0,2,0,0.25,-4,-5
16,3,0,0,0.25,3,5
16,0,2,0,0.25,9,-3
16,3,2,0,0.25,-3,1
16,6,1,-1,0.25,-7,-2
16,7,1,1,0.25,9,1
17,0,0,0,0.25,6,-4
17,0,3,0,0.25,-5,-1
17,0,3,0,0.25,-4,2
17,0,0,0,0.25,-10,4
17,0,1,0,0.25,8,4
17,1,1,0,0.25,-9,0
17,2,2,0,0.25,1,-3
17,5,2,1,0.25,1,-5
18,0,1,0,0.25,-3,1
18,1,0,0,0.25,6,5
18,1,1,0,0.25,-6,-8
18,2,1,0,0.25,-8,2
18,2,1,0,0.25,3,-1
18,2,1,0,0.25,3,0
18,2,0,0,0.25,2,9
18,2,1,0,0.25,-6,-9
18,2,0,0,0.25,6,5
18,2,2,0,0.25,-6,-6
18,5,1,0,0.25,-3,9
18,5,1,0,0.25,-9,-8
18,5,2,1,0.25,-10,-8
19,0,3,0,0.25,-9,-3
19,0,0,0,0.25,-4,3
19,0,1,0,0.25,5,8
19,1,2,0,0.25,4,8
19,4,3,0,0.25,-6,4
19,3,2,0,0.25,5,-2
19,6,1,-1,0.25,5,-6
19,7,1,1,0.25,-6,9
20,0,2,0,0.25,-8,-5
20,3,1,0,0.25,-8,-3
20,4,0,0,0.25,-6,-8
20,1,1,0,0.25,-10,-2
20,2,2,0,0.25,-6,9
20,5,1,0,0.25,8,-7
20,5,2,1,0.25,6,-1
21,0,0,0,0.25,4,-2
21,0,2,0,0.25,-8,5
21,3,1,0,0.25,-5,3
21,4,2,-1,0.25,-9,-6
21,7,0,0,0.25,5,7
21,4,1,0,0.25,-6,-1
21,5,1,0,0.25,-8,-4
21,5,0,0,0.25,2,-2
21,2,0,0,0.25,-2,7
21,2,3,0,0.25,-1,-6
21,1,1,0,0.25,-6,-3
21,2,1,0,0.25,-2,9
21,2,0,0,0.25,1,8
21,2,3,0,0.25,-3,-10
21,1,3,0,0.25,0,5
21,0,0,0,0.25,-4,0
21,0,3,0,0.25,9,2
21,0,2,0,0.25,-8,-4
21,3,0,0,0.25,-8,4
21,0,2,0,0.25,-3,-6
21,3,3,0,0.25,2,-5
21,3,0,0,0.25,-10,4
21,0,3,0,0.25,2,1
21,0,1,0,0.25,9,-1
21,1,3,0,0.25,-1,-10
21,0,0,0,0.25,-5,7
21,0,3,0,0.25,-2,6
21,0,0,0,0.25,-6,7
21,0,0,0,0.25,-2,-6
21,0,1,0,0.25,8,-3
21,1,2,0,0.25,7,6
21,4,1,0,0.25,3,1
21,5,3,0,0.25,-6,-10
21,4,1,0,0.25,-10,0
21,5,1,0,0.25,-6,1
21,5,1,0,0.25,-10,4
21,5,2,1,0.25,-8,6
22,0,2,0,0.25,8,-6
22,3,3,0,0.25,6,5
22,3,1,0,0.25,9,-5
22,4,0,0,0.25,0,3
22,1,1,0,0.25,3,0
22,2,0,0,0.25,3,0
22,2,3,0,0.25,-4,-4
22,1,3,0,0.25,-4,2
22,0,3,0,0.25,-8,7
22,0,2,0,0.25,2,-6
22,3,3,0,0.25,-4,-3
22,3,1,0,0.25,-10,9
22,4,2,-1,0.25,-5,-1
22,7,2,-1,0.25,5,-3
22,7,1,1,0.25,-2,0
23,0,1,0,0.25,3,8
23,1,2,0,0.25,-8,-1
23,4,2,-1,0.25,-10,5
23,7,0,0,0.25,4,6
23,4,3,0,0.25,-9,9
23,3,0,0,0.25,3,0
23,0,1,0,0.25,8,4
23,1,3,0,0.25,-3,-3
23,0,0,0,0.25,-3,6
23,0,1,0,0.25,7,-1
23,1,1,0,0.25,-5,6
23,2,1,0,0.25,1,4
23,2,2,0,0.25,3,6
23,5,3,0,0.25,0,-9
23,4,2,-1,0.25,-4,3
23,7,1,1,0.25,-9,7
24,0,2,0,0.25,-8,-4
24,3,2,0,0.25,5,-8
24,6,2,0,0.25,-7,8
24,6,0,0,0.25,-9,-1
24,3,2,0,0.25,-6,-7
24,6,2,0,0.25,1,2
24,6,1,-1,0.25,-8,2
24,7,0,0,0.25,-5,9
24,4,3,0,0.25,-4,1
24,3,1,0,0.25,-4,9
24,4,0,0,0.25,0,4
24,1,1,0,0.25,-6,4
24,2,3,0,0.25,-1,6
24,1,0,0,0.25,7,6
24,1,0,0,0.25,-5,0
24,1,3,0,0.25,-5,-3
24,0,2,0,0.25,-3,8
24,3,3,0,0.25,1,4
24,3,1,0,0.25,1,0
24,4,1,0,0.25,-7,0
24,5,2,1,0.25,-4,4
25,0,3,0,0.25,-9,6
25,0,3,0,0.25,-10,-2
25,0,1,0,0.25,7,1
25,1,1,0,0.25,-3,-6
25,2,2,0,0.25,-5,-6
25,5,2,1,0.25,-7,-3
26,0,1,0,0.25,4,0
26,1,0,0,0.25,8,5
26,1,0,0,0.25,0,5
26,1,3,0,0.25,5,-10
26,0,0,0,0.25,5,0
26,0,0,0,0.25,-4,8
26,0,3,0,0.25,4,1
26,0,2,0,0.25,4,2
26,3,1,0,0.25,3,4
26,4,2,-1,0.25,0,7
26,7,0,0,0.25,-5,8
26,4,1,0,0.25,0,1
26,5,3,0,0.25,2,4
26,4,2,-1,0.25,0,-4
26,7,1,1,0.25,1,-7
27,0,1,0,0.25,-9,-6
27,1,2,0,0.25,-1,-7
27,4,3,0,0.25,-3,0
27,3,2,0,0.25,-8,4
27,6,0,0,0.25,1,-3
27,3,3,0,0.25,-2,-1
27,3,1,0,0.25,-3,2
27,4,3,0,0.25,5,2
27,3,2,0,0.25,-8,9
27,6,1,-1,0.25,-9,0
27,7,3,0,0.25,6,1
27,6,1,-1,0.25,5,2
27,7,3,0,0.25,7,-1
27,6,2,0,0.25,3,-6
27,6,3,0,0.25,-9,-3
27,6,1,-1,0.25,-10,4
27,7,0,0,0.25,-3,3
27,4,2,-1,0.25,-1,9
27,7,3,0,0.25,4,-9
27,6,0,0,0.25,0,-2
27,3,1,0,0.25,7,-3
27,4,3,0,0.25,2,2
27,3,0,0,0.25,-9,-9
27,0,1,0,0.25,-2,0
27,1,3,0,0.25,-6,2
27,0,3,0,0.25,-10,9
27,0,0,0,0.25,8,4
27,0,2,0,0.25,-1,-6
27,3,3,0,0.25,-9,-5
27,3,1,0,0.25,-10,8
27,4,0,0,0.25,-3,-8
27,1,1,0,0.25,-10,4
27,2,1,0,0.25,9,-10
27,2,3,0,0.25,1,2
27,1,3,0,0.25,2,-2
27,0,3,0,0.25,-10,2
27,0,0,0,0.25,-2,-5
27,0,3,0,0.25,4,-6
27,0,1,0,0.25,-5,9
27,1,1,0,0.25,-1,-7
27,2,2,0,0.25,-9,-4
27,5,0,0,0.25,-3,0
27,2,2,0,0.25,2,6
27,5,2,1,0.25,-8,8
28,0,3,0,0.25,-3,-5
28,0,2,0,0.25,9,2
28,3,1,0,0.25,6,-4
28,4,2,-1,0.25,-3,9
28,7,0,0,0.25,-6,-4
28,4,0,0,0.25,-1,8
28,1,1,0,0.25,-4,0
28,2,0,0,0.25,8,-6
28,2,3,0,0.25,-4,-8
28,1,0,0,0.25,-1,9
28,1,3,0,0.25,6,-8
28,0,2,0,0.25,-5,-3
28,3,2,0,0.25,3,-10
28,6,0,0,0.25,5,-4
28,3,0,0,0.25,-3,-9
28,0,3,0,0.25,2,-10
28,0,2,0,0.25,-1,-7
28,3,0,0,0.25,5,4
28,0,2,0,0.25,-9,-9
28,3,2,0,0.25,-7,9
28,6,1,-1,0.25,-2,-3
28,7,0,0,0.25,1,1
28,4,3,0,0.25,0,1
28,3,2,0,0.25,4,-5
28,6,1,-1,0.25,7,2
28,7,0,0,0.25,3,7
28,4,2,-1,0.25,4,-6
28,7,2,-1,0.25,-5,-10
28,7,3,0,0.25,-9,6
28,6,0,0,0.25,8,-4
28,3,3,0,0.25,2,-2
28,3,0,0,0.25,6,-9
28,0,3,0,0.25,-1,6
28,0,3,0,0.25,3,5
28,0,0,0,0.25,4,-10
28,0,3,0,0.25,8,-6
28,0,2,0,0.25,-5,0
28,3,3,0,0.25,-3,-2
28,3,1,0,0.25,-8,-6
28,4,0,0,0.25,-9,-3
28,1,1,0,0.25,5,3
28,2,3,0,0.25,-10,-3
28,1,1,0,0.25,-2,-5
28,2,3,0,0.25,-1,-5
28,1,0,0,0.25,-10,6
28,1,3,0,0.25,8,7
28,0,0,0,0.25,8,1
28,0,1,0,0.25,-9,6
28,1,1,0,0.25,-8,5
28,2,0,0,0.25,1,-1
28,2,2,0,0.25,-10,-7
28,5,0,0,0.25,-10,-9
28,2,0,0,0.25,-9,0
28,2,3,0,0.25,-8,1
28,1,3,0,0.25,1,5
28,0,0,0,0.25,-3,8
28,0,3,0,0.25,-4,3
28,0,2,0,0.25,7,7
28,3,0,0,0.25,1,-1
28,0,1,0,0.25,-3,9
28,1,3,0,0.25,5,-7
28,0,2,0,0.25,0,-10
28,3,0,0,0.25,-10,-1
28,0,0,0,0.25,5,-1
28,0,1,0,0.25,7,-10
28,1,3,0,0.25,0,-3
28,0,2,0,0.25,-3,6
28,3,1,0,0.25,-7,9
28,4,3,0,0.25,9,1
28,3,3,0,0.25,-3,-1
28,3,3,0,0.25,-10,7
28,3,3,0,0.25,4,-5
28,3,2,0,0.25,1,3
28,6,1,-1,0.25,-4,-5
28,7,1,1,0.25,6,1
29,0,0,0,0.25,-9,-4
29,0,3,0,0.25,-10,8
29,0,1,0,0.25,1,6
29,1,3,0,0.25,-5,6
29,0,2,0,0.25,-9,-4
29,3,1,0,0.25,8,-5
29,4,0,0,0.25,3,-8
29,1,0,0,0.25,2,0
29,1,3,0,0.25,-8,-7
29,0,2,0,0.25,-6,1
29,3,2,0,0.25,-1,8
29,6,2,0,0.25,-2,9
29,6,0,0,0.25,-3,-4
29,3,3,0,0.25,3,-6
29,3,2,0,0.25,7,8
29,6,3,0,0.25,7,-7
29,6,1,-1,0.25,0,-6
29,7,2,-1,0.25,3,-10
29,7,1,1,0.25,-1,-6
30,0,0,0,0.25,7,-10
30,0,2,0,0.25,-1,6
30,3,3,0,0.25,-6,6
30,3,1,0,0.25,4,-4
30,4,1,0,0.25,-10,-2
30,5,1,0,0.25,-6,8
30,5,3,0,0.25,-2,-10
30,4,3,0,0.25,-6,-6
30,3,0,0,0.25,-6,3
30,0,2,0,0.25,-2,7
30,3,1,0,0.25,8,7
30,4,0,0,0.25,-3,-9
30,1,3,0,0.25,-8,-4
30,0,0,0,0.25,-1,-2
30,0,3,0,0.25,4,-4
30,0,3,0,0.25,-3,-3
30,0,2,0,0.25,-2,-5
30,3,0,0,0.25,-2,1
30,0,0,0,0.25,-5,8
30,0,3,0,0.25,-3,-5
30,0,0,0,0.25,4,-9
30,0,0,0,0.25,1,3
30,0,0,0,0.25,-1,2
30,0,3,0,0.25,-9,-7
30,0,2,0,0.25,-3,7
30,3,2,0,0.25,4,3
30,6,0,0,0.25,4,-3
30,3,2,0,0.25,-1,-2
30,6,2,0,0.25,7,0
30,6,3,0,0.25,-1,4
30,6,3,0,0.25,-5,-3
30,6,2,0,0.25,-8,-2
30,6,2,0,0.25,-5,-2
30,6,3,0,0.25,5,7
30,6,1,-1,0.25,4,4
30,7,1,1,0.25,-5,-2
31,0,0,0,0.25,8,6
31,0,2,0,0.25,5,-10
31,3,1,0,0.25,5,-6
31,4,0,0,0.25,0,-8
31,1,0,0,0.25,-10,-4
31,1,0,0,0.25,8,-4
31,1,3,0,0.25,9,-8
31,0,1,0,0.25,-5,-5
31,1,2,0,0.25,-3,-10
31,4,3,0,0.25,-6,-2
31,3,0,0,0.25,1,5
31,0,1,0,0.25,-2,-6
31,1,3,0,0.25,-7,-4
31,0,3,0,0.25,-10,5
31,0,1,0,0.25,-1,-8
31,1,0,0,0.25,-8,-8
31,1,2,0,0.25,-9,-2
31,4,1,0,0.25,0,-3
31,5,1,0,0.25,9,5
31,5,1,0,0.25,7,-1
31,5,1,0,0.25,0,-8
31,5,0,0,0.25,8,-10
31,2,1,0,0.25,-8,0
31,2,0,0,0.25,0,6
31,2,1,0,0.25,7,0
31,2,2,0,0.25,-2,-4
31,5,2,1,0.25,2,-7
32,0,2,0,0.25,-7,2
32,3,1,0,0.25,2,-6
32,4,3,0,0.25,0,9
32,3,0,0,0.25,-6,9
32,0,1,0,0.25,0,-10
32,1,0,0,0.25,-8,-9
32,1,0,0,0.25,3,-6
32,1,2,0,0.25,-3,4
32,4,2,-1,0.25,4,7
32,7,0,0,0.25,0,2
32,4,3,0,0.25,-5,3
32,3,3,0,0.25,6,-7
32,3,3,0,0.25,8,6
32,3,3,0,0.25,-3,7
32,3,0,0,0.25,-10,5
32,0,1,0,0.25,-1,-9
32,1,2,0,0.25,3,2
32,4,1,0,0.25,-6,-7
32,5,2,1,0.25,0,3
33,0,3,0,0.25,-3,-9
33,0,1,0,0.25,9,-3
33,1,3,0,0.25,-1,6
33,0,2,0,0.25,-8,4
33,3,2,0,0.25,-5,7
33,6,0,0,0.25,-6,8
33,3,3,0,0.25,8,-10
33,3,3,0,0.25,6,7
33,3,0,0,0.25,-1,1
33,0,1,0,0.25,-3,-3
33,1,3,0,0.25,5,-1
33,0,1,0,0.25,6,9
33,1,1,0,0.25,8,-9
33,2,0,0,0.25,2,9
33,2,1,0,0.25,4,-4
33,2,0,0,0.25,9,-10
33,2,2,0,0.25,4,-2
33,5,2,1,0.25,3,-3
34,0,1,0,0.25,-7,3
34,1,2,0,0.25,7,6
34,4,3,0,0.25,9,9
34,3,3,0,0.25,9,-4
34,3,0,0,0.25,-5,-6
34,0,3,0,0.25,6,-5
34,0,1,0,0.25,5,2
34,1,2,0,0.25,2,-3
34,4,3,0,0.25,-4,2
34,3,3,0,0.25,3,5
34,3,2,0,0.25,-3,0
34,6,2,0,0.25,-7,-6
34,6,0,0,0.25,1,0
34,3,3,0,0.25,3,0
34,3,1,0,0.25,-5,5
34,4,0,0,0.25,-2,1
34,1,0,0,0.25,-8,0
34,1,1,0,0.25,-10,1
34,2,3,0,0.25,1,-1
34,1,1,0,0.25,-1,-3
34,2,1,0,0.25,4,-3
34,2,3,0,0.25,0,-1
34,1,1,0,0.25,2,3
34,2,2,0,0.25,8,-2
34,5,2,1,0.25,-1,6
35,0,3,0,0.25,-6,-3
35,0,3,0,0.25,5,2
35,0,3,0,0.25,7,-8
35,0,2,0,0.25,-4,-10
35,3,2,0,0.25,1,-3
35,6,2,0,0.25,-6,-7
35,6,1,-1,0.25,-10,-5
35,7,0,0,0.25,5,3
35,4,1,0,0.25,2,3
35,5,0,0,0.25,3,2
35,2,0,0,0.25,6,0
35,2,3,0,0.25,-2,-6
35,1,2,0,0.25,-3,9
35,4,3,0,0.25,-6,-5
35,3,1,0,0.25,-4,9
35,4,2,-1,0.25,-3,-1
35,7,2,-1,0.25,-4,-1
35,7,1,1,0.25,5,-3
36,0,2,0,0.25,3,-6
36,3,2,0,0.25,-8,-4
36,6,1,-1,0.25,-3,-8
36,7,0,0,0.25,7,-9
36,4,2,-1,0.25,7,1
36,7,2,-1,0.25,-1,4
36,7,1,1,0.25,6,8
37,0,1,0,0.25,-8,5
37,1,0,0,0.25,1,8
37,1,2,0,0.25,-8,5
37,4,2,-1,0.25,4,7
37,7,1,1,0.25,5,-2
38,0,1,0,0.25,-2,4
38,1,2,0,0.25,-6,-4
38,4,2,-1,0.25,9,2
38,7,1,1,0.25,5,3
39,0,3,0,0.25,-7,2
39,0,0,0,0.25,5,-7
39,0,3,0,0.25,-3,-9
39,0,1,0,0.25,1,1
39,1,0,0,0.25,4,-7
39,1,0,0,0.25,-7,-4
39,1,1,0,0.25,-4,-10
39,2,0,0,0.25,-9,-5
39,2,2,0,0.25,-5,-8
39,5,0,0,0.25,-7,-1
39,2,1,0,0.25,-6,5
39,2,0,0,0.25,8,3
39,2,0,0,0.25,-3,0
39,2,0,0,0.25,5,2
39,2,1,0,0.25,-4,-10
39,2,1,0,0.25,7,4
39,2,1,0,0.25,-8,9
39,2,1,0,0.25,-8,-2
39,2,1,0,0.25,5,2
39,2,0,0,0.25,-1,4
39,2,3,0,0.25,4,-1
39,1,1,0,0.25,-7,-7
39,2,1,0,0.25,-4,9
39,2,3,0,0.25,5,6
39,1,2,0,0.25,1,2
39,4,2,-1,0.25,-7,-5
39,7,0,0,0.25,9,9
39,4,0,0,0.25,6,3
39,1,1,0,0.25,-3,-5
39,2,0,0,0.25,-1,-1
39,2,2,0,0.25,-2,1
39,5,0,0,0.25,6,9
39,2,0,0,0.25,-2,8
39,2,0,0,0.25,-1,-3
39,2,0,0,0.25,-3,-5
39,2,2,0,0.25,-3,-7
39,5,1,0,0.25,-1,2
39,5,2,1,0.25,7,-2
40,0,3,0,0.25,9,0
40,0,1,0,0.25,-6,0
40,1,0,0,0.25,-5,-5
40,1,1,0,0.25,5,1
40,2,2,0,0.25,-7,-4
40,5,0,0,0.25,2,-9
40,2,2,0,0.25,-10,-4
40,5,0,0,0.25,9,4
40,2,2,0,0.25,-10,-10
40,5,0,0,0.25,5,9
40,2,3,0,0.25,7,3
40,1,3,0,0.25,9,-7
40,0,2,0,0.25,1,1
40,3,3,0,0.25,-2,-5
40,3,3,0,0.25,-10,-8
40,3,3,0,0.25,-1,1
40,3,0,0,0.25,-6,9
40,0,2,0,0.25,6,9
40,3,1,0,0.25,-4,-5
40,4,1,0,0.25,-2,-9
40,5,1,0,0.25,-9,-1
40,5,2,1,0.25,-1,-1
41,0,2,0,0.25,5,-10
41,3,0,0,0.25,7,-5
41,0,0,0,0.25,-8,5
41,0,1,0,0.25,-8,0
41,1,3,0,0.25,9,-8
41,0,1,0,0.25,-6,-9
41,1,0,0,0.25,-4,5
41,1,3,0,0.25,6,-5
41,0,2,0,0.25,6,1
41,3,1,0,0.25,-8,-7
41,4,3,0,0.25,-6,3
41,3,3,0,0.25,-3,-1
41,3,3,0,0.25,7,-8
41,3,1,0,0.25,6,6
41,4,2,-1,0.25,9,-3
41,7,3,0,0.25,-2,2
41,6,2,0,0.25,-2,-8
41,6,3,0,0.25,-9,-8
41,6,2,0,0.25,3,-5
41,6,1,-1,0.25,-3,4
41,7,1,1,0.25,-10,5
42,0,2,0,0.25,9,-5
42,3,2,0,0.25,9,-3
42,6,0,0,0.25,8,-10
42,3,0,0,0.25,1,0
42,0,1,0,0.25,-4,7
42,1,3,0,0.25,3,-1
42,0,1,0,0.25,-8,-3
42,1,3,0,0.25,-1,5
42,0,3,0,0.25,-1,2
42,0,3,0,0.25,-7,-9
42,0,1,0,0.25,2,-10
42,1,1,0,0.25,-2,3
42,2,0,0,0.25,-7,8
42,2,3,0,0.25,4,-9
42,1,2,0,0.25,-3,2
42,4,0,0,0.25,-1,2
42,1,1,0,0.25,8,-6
42,2,3,0,0.25,4,-5
42,1,3,0,0.25,-7,-5
42,0,2,0,0.25,7,-9
42,3,3,0,0.25,5,-2
42,3,2,0,0.25,5,-9
42,6,0,0,0.25,6,4
42,3,1,0,0.25,-7,1
42,4,3,0,0.25,-10,1
42,3,3,0,0.25,0,6
42,3,3,0,0.25,7,-10
42,3,2,0,0.25,2,-4
42,6,2,0,0.25,9,-8
42,6,2,0,0.25,-6,-10
42,6,0,0,0.25,-5,-9
42,3,3,0,0.25,-1,-2
42,3,0,0,0.25,-5,4
42,0,0,0,0.25,7,3
42,0,3,0,0.25,-6,-6
42,0,1,0,0.25,-5,-3
42,1,1,0,0.25,6,-6
42,2,0,0,0.25,-9,-8
42,2,2,0,0.25,8,5
42,5,1,0,0.25,8,-4
42,5,3,0,0.25,3,-8
42,4,3,0,0.25,-7,9
42,3,0,0,0.25,-9,-4
42,0,2,0,0.25,6,-1
42,3,3,0,0.25,-7,1
42,3,2,0,0.25,-1,5
42,6,1,-1,0.25,3,4
42,7,2,-1,0.25,2,1
42,7,1,1,0.25,1,8
43,0,2,0,0.25,-9,9
43,3,1,0,0.25,-2,2
43,4,0,0,0.25,-4,8
43,1,1,0,0.25,7,1
43,2,2,0,0.25,-2,-1
43,5,1,0,0.25,-3,-3
43,5,0,0,0.25,-5,0
43,2,0,0,0.25,-3,-9
43,2,3,0,0.25,0,-3
43,1,0,0,0.25,2,-8
43,1,2,0,0.25,5,3
43,4,0,0,0.25,-4,-7
43,1,2,0,0.25,5,6
43,4,2,-1,0.25,9,2
43,7,1,1,0.25,9,0
44,0,0,0,0.25,9,-3
44,0,2,0,0.25,5,0
44,3,2,0,0.25,6,3
44,6,1,-1,0.25,1,2
44,7,3,0,0.25,0,-4
44,6,3,0,0.25,-4,-4
44,6,0,0,0.25,3,3
44,3,2,0,0.25,0,-8
44,6,0,0,0.25,-7,1
44,3,0,0,0.25,4,-1
44,0,3,0,0.25,2,1
44,0,2,0,0.25,-6,-2
44,3,3,0,0.25,4,-10
44,3,0,0,0.25,1,-9
44,0,0,0,0.25,7,-3
44,0,3,0,0.25,7,2
44,0,0,0,0.25,-10,-8
44,0,1,0,0.25,0,-7
44,1,1,0,0.25,-2,4
44,2,2,0,0.25,1,9
44,5,1,0,0.25,3,9
44,5,1,0,0.25,-10,-8
44,5,0,0,0.25,-4,-6
44,2,3,0,0.25,-1,3
44,1,1,0,0.25,-1,-1
44,2,0,0,0.25,7,-9
44,2,3,0,0.25,-10,-7
44,1,1,0,0.25,-1,-7
44,2,0,0,0.25,9,1
44,2,2,0,0.25,-1,4
44,5,0,0,0.25,2,5
44,2,3,0,0.25,-2,3
44,1,0,0,0.25,-5,-10
44,1,3,0,0.25,4,-3
44,0,3,0,0.25,1,-4
44,0,3,0,0.25,6,-5
44,0,0,0,0.25,-3,5
44,0,2,0,0.25,8,8
44,3,2,0,0.25,-8,3
44,6,3,0,0.25,-1,9
44,6,1,-1,0.25,-1,-6
44,7,3,0,0.25,-7,-10
44,6,3,0,0.25,1,-7
44,6,2,0,0.25,-7,3
44,6,1,-1,0.25,0,-3
44,7,1,1,0.25,-6,-6
45,0,0,0,0.25,3,-4
45,0,0,0,0.25,-9,-10
45,0,0,0,0.25,-8,-5
45,0,1,0,0.25,6,-4
45,1,3,0,0.25,-3,-3
45,0,2,0,0.25,-10,2
45,3,3,0,0.25,2,-8
45,3,3,0,0.25,-5,9
45,3,3,0,0.25,8,0
45,3,2,0,0.25,-3,6
45,6,0,0,0.25,-9,0
45,3,3,0,0.25,-7,5
45,3,3,0,0.25,9,0
45,3,0,0,0.25,7,-3
45,0,1,0,0.25,-5,-8
45,1,1,0,0.25,6,6
45,2,3,0,0.25,3,-3
45,1,1,0,0.25,-9,-8
45,2,0,0,0.25,2,-2
45,2,1,0,0.25,-3,-1
45,2,3,0,0.25,-5,4
45,1,3,0,0.25,-1,-2
45,0,0,0,0.25,0,2
45,0,1,0,0.25,8,-6
45,1,2,0,0.25,-3,-8
45,4,0,0,0.25,-7,4
45,1,2,0,0.25,8,-1
45,4,3,0,0.25,7,-3
45,3,2,0,0.25,-1,-4
45,6,3,0,0.25,2,-3
45,6,2,0,0.25,5,4
45,6,1,-1,0.25,4,7
45,7,3,0,0.25,9,-6
45,6,3,0,0.25,0,1
45,6,0,0,0.25,6,-4
45,3,0,0,0.25,7,-5
45,0,1,0,0.25,2,8
45,1,1,0,0.25,-3,-9
45,2,1,0,0.25,6,2
45,2,3,0,0.25,-9,8
45,1,0,0,0.25,-10,5
45,1,3,0,0.25,3,7
45,0,0,0,0.25,0,-2
45,0,0,0,0.25,-2,8
45,0,3,0,0.25,7,-5
45,0,1,0,0.25,-6,7
45,1,3,0,0.25,-7,-4
45,0,2,0,0.25,6,8
45,3,3,0,0.25,1,-9
45,3,1,0,0.25,2,-7
45,4,2,-1,0.25,-10,3
45,7,1,1,0.25,9,9
46,0,0,0,0.25,-8,5
46,0,2,0,0.25,-7,-5
46,3,0,0,0.25,-7,-1
46,0,2,0,0.25,-8,-3
46,3,1,0,0.25,2,-8
46,4,0,0,0.25,6,9
46,1,2,0,0.25,-3,9
46,4,1,0,0.25,-3,-10
46,5,2,1,0.25,-7,8
47,0,3,0,0.25,1,2
47,0,2,0,0.25,4,-7
47,3,0,0,0.25,2,-7
47,0,2,0,0.25,1,-10
47,3,1,0,0.25,6,-1
47,4,3,0,0.25,-4,-6
47,3,2,0,0.25,-6,2
47,6,3,0,0.25,-4,-5
47,6,2,0,0.25,-3,-7
47,6,0,0,0.25,-9,7
47,3,3,0,0.25,-8,-3
47,3,2,0,0.25,9,3
47,6,2,0,0.25,-8,-6
47,6,0,0,0.25,-2,4
47,3,2,0,0.25,-10,-1
47,6,2,0,0.25,-6,6
47,6,0,0,0.25,4,4
47,3,0,0,0.25,-5,2
47,0,3,0,0.25,-4,4
47,0,0,0,0.25,1,-4
47,0,3,0,0.25,-8,4
47,0,3,0,0.25,3,5
47,0,3,0,0.25,-3,-1
47,0,1,0,0.25,5,9
47,1,2,0,0.25,0,6
47,4,0,0,0.25,-3,7
47,1,0,0,0.25,-7,-6
47,1,2,0,0.25,-10,-10
47,4,2,-1,0.25,-8,-2
47,7,1,1,0.25,-2,-10
48,0,2,0,0.25,-2,-2
48,3,2,0,0.25,-2,-2
48,6,1,-1,0.25,-6,-3
48,7,1,1,0.25,6,-9
49,0,3,0,0.25,-4,-10
49,0,3,0,0.25,5,4
49,0,3,0,0.25,-6,-1
49,0,2,0,0.25,9,-1
49,3,0,0,0.25,-2,4
49,0,0,0,0.25,4,7
49,0,2,0,0.25,2,1
49,3,2,0,0.25,-4,-9
49,6,3,0,0.25,4,2
49,6,3,0,0.25,2,-5
49,6,3,0,0.25,9,2
49,6,3,0,0.25,-8,-1
49,6,1,-1,0.25,-3,-6
49,7,0,0,0.25,2,6
49,4,0,0,0.25,-10,-1
49,1,1,0,0.25,3,-1
49,2,2,0,0.25,6,-3
49,5,0,0,0.25,-8,1
49,2,1,0,0.25,-1,-3
49,2,2,0,0.25,3,-5
49,5,3,0,0.25,-10,1
49,4,1,0,0.25,0,1
49,5,0,0,0.25,-10,-1
49,2,3,0,0.25,-4,-6
49,1,2,0,0.25,2,4
49,4,2,-1,0.25,-5,-2
49,7,0,0,0.25,-3,-5
49,4,1,0,0.25,6,4
49,5,1,0,0.25,-3,-9
49,5,2,1,0.25,9,3
50,0,2,0,0.25,5,5
50,3,0,0,0.25,-3,-1
50,0,1,0,0.25,-7,-2
50,1,3,0,0.25,1,-8
50,0,2,0,0.25,-7,-2
50,3,2,0,0.25,8,-3
50,6,1,-1,0.25,3,5
50,7,2,-1,0.25,3,-7
50,7,1,1,0.25,-10,-7
51,0,1,0,0.25,2,0
51,1,0,0,0.25,8,1
51,1,0,0,0.25,9,-3
51,1,2,0,0.25,1,-5
51,4,0,0,0.25,-10,3
51,1,3,0,0.25,1,7
51,0,3,0,0.25,-1,-9
51,0,0,0,0.25,-9,-4
51,0,0,0,0.25,8,8
51,0,2,0,0.25,0,-3
51,3,2,0,0.25,-5,7
51,6,3,0,0.25,5,8
51,6,2,0,0.25,2,9
51,6,3,0,0.25,4,5
51,6,3,0,0.25,2,-1
51,6,0,0,0.25,0,2
51,3,3,0,0.25,-7,-5
51,3,1,0,0.25,-9,-4
51,4,0,0,0.25,-5,-2
51,1,2,0,0.25,-8,1
51,4,2,-1,0.25,7,4
51,7,1,1,0.25,9,-5
52,0,2,0,0.25,8,-2
52,3,1,0,0.25,8,1
52,4,2,-1,0.25,-5,-6
52,7,2,-1,0.25,-9,3
52,7,1,1,0.25,4,-4
53,0,0,0,0.25,-2,8
53,0,3,0,0.25,4,-10
53,0,3,0,0.25,5,3
53,0,2,0,0.25,-4,-4
53,3,2,0,0.25,6,-2
53,6,3,0,0.25,-5,-6
53,6,0,0,0.25,8,-4
53,3,1,0,0.25,-8,-10
53,4,1,0,0.25,2,-5
53,5,2,1,0.25,-9,7
54,0,1,0,0.25,2,-8
54,1,3,0,0.25,-8,-4
54,0,1,0,0.25,7,-9
54,1,3,0,0.25,7,-8
54,0,3,0,0.25,4,-6
54,0,3,0,0.25,-3,4
54,0,3,0,0.25,-1,0
54,0,3,0,0.25,8,9
54,0,2,0,0.25,0,-5
54,3,2,0,0.25,4,-4
54,6,0,0,0.25,-3,-5
54,3,1,0,0.25,7,5
54,4,0,0,0.25,5,4
54,1,3,0,0.25,9,-5
54,0,0,0,0.25,-2,-2
54,0,1,0,0.25,7,-3
54,1,3,0,0.25,2,-5
54,0,3,0,0.25,-8,2
54,0,1,0,0.25,7,-8
54,1,2,0,0.25,7,-1
54,4,1,0,0.25,-5,-9
54,5,3,0,0.25,9,-4
54,4,1,0,0.25,6,3
54,5,1,0,0.25,3,-8
54,5,0,0,0.25,-4,1
54,2,1,0,0.25,0,-6
54,2,1,0,0.25,-9,1
54,2,1,0,0.25,9,4
54,2,3,0,0.25,6,3
54,1,1,0,0.25,8,3
54,2,0,0,0.25,-6,-4
54,2,1,0,0.25,-10,-1
54,2,3,0,0.25,6,1
54,1,1,0,0.25,-9,9
54,2,0,0,0.25,-3,4
54,2,2,0,0.25,7,3
54,5,2,1,0.25,2,-2
55,0,2,0,0.25,-1,-8
55,3,0,0,0.25,0,1
55,0,0,0,0.25,-6,-7
55,0,1,0,0.25,-1,-9
55,1,0,0,0.25,-8,-7
55,1,3,0,0.25,-9,5
55,0,0,0,0.25,-6,-2
55,0,2,0,0.25,1,-3
55,3,2,0,0.25,4,-1
55,6,1,-1,0.25,7,8
55,7,1,1,0.25,-3,2
56,0,1,0,0.25,-1,5
56,1,3,0,0.25,7,-2
56,0,1,0,0.25,1,3
56,1,3,0,0.25,2,4
56,0,0,0,0.25,-7,-1
56,0,2,0,0.25,5,3
56,3,2,0,0.25,5,5
56,6,3,0,0.25,-6,-8
56,6,2,0,0.25,0,-6
56,6,0,0,0.25,9,-8
56,3,3,0,0.25,-3,-1
56,3,3,0,0.25,3,-3
56,3,3,0,0.25,7,-9
56,3,3,0,0.25,7,3
56,3,3,0,0.25,5,6
56,3,1,0,0.25,-6,2
56,4,0,0,0.25,7,0
56,1,3,0,0.25,2,-4
56,0,1,0,0.25,-6,-7
56,1,3,0,0.25,0,4
56,0,1,0,0.25,2,-3
56,1,0,0,0.25,6,3
56,1,2,0,0.25,5,-9
56,4,3,0,0.25,3,-6
56,3,0,0,0.25,3,6
56,0,3,0,0.25,-9,1
56,0,2,0,0.25,8,8
56,3,1,0,0.25,-2,4
56,4,2,-1,0.25,-4,7
56,7,1,1,0.25,-9,-6
57,0,3,0,0.25,9,7
57,0,1,0,0.25,4,-9
57,1,2,0,0.25,3,0
57,4,2,-1,0.25,-1,7
57,7,2,-1,0.25,9,-5
57,7,2,-1,0.25,-5,-2
57,7,1,1,0.25,-2,-10
58,0,1,0,0.25,-6,8
58,1,1,0,0.25,2,9
58,2,0,0,0.25,2,-2
58,2,2,0,0.25,-6,9
58,5,1,0,0.25,-3,-3
58,5,2,1,0.25,7,8
59,0,3,0,0.25,8,9
59,0,1,0,0.25,3,9
59,1,2,0,0.25,9,-10
59,4,2,-1,0.25,9,-3
59,7,0,0,0.25,-1,-4
59,4,3,0,0.25,-5,8
59,3,3,0,0.25,-1,-3
59,3,1,0,0.25,-2,1
59,4,2,-1,0.25,-10,-9
59,7,2,-1,0.25,2,-10
59,7,3,0,0.25,-8,2
59,6,1,-1,0.25,-9,3
59,7,2,-1,0.25,7,-6
59,7,3,0,0.25,-6,7
59,6,3,0,0.25,0,-5
59,6,1,-1,0.25,5,0
59,7,3,0,0.25,3,-7
59,6,1,-1,0.25,-9,9
59,7,1,1,0.25,-5,2
60,0,3,0,0.25,2,-4
60,0,2,0,0.25,6,-1
60,3,0,0,0.25,9,-4
60,0,2,0,0.25,9,-8
60,3,1,0,0.25,3,-1
60,4,0,0,0.25,2,6
60,1,3,0,0.25,3,-3
60,0,2,0,0.25,-8,-3
60,3,3,0,0.25,3,-1
60,3,0,0,0.25,0,-4
60,0,1,0,0.25,5,1
60,1,1,0,0.25,5,-8
60,2,3,0,0.25,2,-7
60,1,3,0,0.25,8,-5
60,0,3,0,0.25,-3,-2
60,0,2,0,0.25,6,6
60,3,0,0,0.25,0,0
60,0,3,0,0.25,-8,9
60,0,0,0,0.25,3,-5
60,0,2,0,0.25,5,8
60,3,0,0,0.25,1,6
60,0,1,0,0.25,-1,-2
60,1,3,0,0.25,9,-9
60,0,2,0,0.25,-9,2
60,3,0,0,0.25,5,7
60,0,3,0,0.25,-6,-3
60,0,1,0,0.25,-7,1
60,1,2,0,0.25,0,-8
60,4,1,0,0.25,-5,4
60,5,0,0,0.25,-9,4
60,2,1,0,0.25,-9,4
60,2,2,0,0.25,-2,3
60,5,1,0,0.25,1,-1
60,5,1,0,0.25,3,0
60,5,3,0,0.25,-7,0
60,4,1,0,0.25,9,4
60,5,3,0,0.25,1,5
60,4,3,0,0.25,0,-9
60,3,3,0,0.25,-4,1
60,3,1,0,0.25,-10,8
60,4,1,0,0.25,-6,1
60,5,1,0,0.25,2,4
60,5,2,1,0.25,5,2
61,0,2,0,0.25,-3,6
61,3,3,0,0.25,-10,3
61,3,2,0,0.25,-4,2
61,6,3,0,0.25,-3,-7
61,6,0,0,0.25,6,8
61,3,0,0,0.25,0,-4
61,0,0,0,0.25,3,-9
61,0,3,0,0.25,7,-8
61,0,3,0,0.25,6,-2
61,0,1,0,0.25,-6,1
61,1,3,0,0.25,-6,2
61,0,1,0,0.25,6,3
61,1,2,0,0.25,0,-10
61,4,0,0,0.25,6,-10
61,1,1,0,0.25,-3,4
61,2,1,0,0.25,-8,-3
61,2,3,0,0.25,2,-7
61,1,2,0,0.25,8,-5
61,4,1,0,0.25,-10,6
61,5,3,0,0.25,7,-9
61,4,1,0,0.25,9,-6
61,5,3,0,0.25,2,8
61,4,3,0,0.25,6,3
61,3,3,0,0.25,9,-6
61,3,1,0,0.25,4,9
61,4,0,0,0.25,2,6
61,1,1,0,0.25,7,-6
61,2,3,0,0.25,-5,-5
61,1,3,0,0.25,8,-1
61,0,2,0,0.25,-3,8
61,3,3,0,0.25,0,-5
61,3,1,0,0.25,-9,-10
61,4,2,-1,0.25,6,-3
61,7,2,-1,0.25,-7,0
61,7,2,-1,0.25,6,4
61,7,1,1,0.25,-5,-5
62,0,0,0,0.25,6,5
62,0,0,0,0.25,7,4
62,0,2,0,0.25,-6,4
62,3,3,0,0.25,-10,2
62,3,0,0,0.25,-1,1
62,0,3,0,0.25,9,1
62,0,0,0,0.25,4,3
62,0,1,0,0.25,6,-6
62,1,2,0,0.25,0,-5
62,4,0,0,0.25,-8,7
62,1,0,0,0.25,-1,-4
62,1,3,0,0.25,-8,1
62,0,0,0,0.25,-1,-10
62,0,0,0,0.25,-4,3
62,0,0,0,0.25,4,8
62,0,2,0,0.25,-8,-7
62,3,3,0,0.25,9,9
62,3,3,0,0.25,-4,3
62,3,2,0,0.25,1,0
62,6,3,0,0.25,0,8
62,6,2,0,0.25,-1,0
62,6,0,0,0.25,-9,8
62,3,0,0,0.25,4,-7
62,0,3,0,0.25,-6,-10
62,0,0,0,0.25,-8,9
62,0,0,0,0.25,-7,-1
62,0,3,0,0.25,7,-5
62,0,1,0,0.25,3,-1
62,1,3,0,0.25,6,1
62,0,0,0,0.25,-6,9
62,0,1,0,0.25,-10,-7
62,1,2,0,0.25,-6,3
62,4,1,0,0.25,4,9
62,5,1,0,0.25,-1,1
62,5,0,0,0.25,2,-2
62,2,3,0,0.25,-3,-10
62,1,2,0,0.25,-9,-4
62,4,1,0,0.25,-10,1
62,5,0,0,0.25,-9,2
62,2,2,0,0.25,-2,-3
62,5,1,0,0.25,9,-7
62,5,3,0,0.25,-8,2
62,4,0,0,0.25,-2,-3
62,1,0,0,0.25,-4,8
62,1,1,0,0.25,-9,-7
62,2,0,0,0.25,-5,-8
62,2,3,0,0.25,2,6
62,1,1,0,0.25,7,7
62,2,2,0,0.25,5,5
62,5,1,0,0.25,0,-5
62,5,2,1,0.25,-8,8
63,0,2,0,0.25,3,-10
63,3,1,0,0.25,4,-8
63,4,3,0,0.25,-5,8
63,3,1,0,0.25,5,5
63,4,2,-1,0.25,-2,-7
63,7,0,0,0.25,-10,-5
63,4,1,0,0.25,-4,-3
63,5,1,0,0.25,-8,0
63,5,3,0,0.25,0,9
63,4,3,0,0.25,2,4
63,3,3,0,0.25,7,-7
63,3,0,0,0.25,-8,0
63,0,3,0,0.25,4,-4
63,0,0,0,0.25,3,-7
63,0,0,0,0.25,9,-10
63,0,0,0,0.25,1,6
63,0,2,0,0.25,-8,-5
63,3,2,0,0.25,-1,4
63,6,3,0,0.25,0,-3
63,6,2,0,0.25,-10,4
63,6,0,0,0.25,-4,-3
63,3,0,0,0.25,8,-9
63,0,0,0,0.25,5,7
63,0,3,0,0.25,-9,9
63,0,3,0,0.25,-3,-9
63,0,1,0,0.25,-3,-5
63,1,3,0,0.25,6,5
63,0,3,0,0.25,-4,-1
63,0,0,0,0.25,-2,-4
63,0,2,0,0.25,-5,-8
63,3,3,0,0.25,-10,1
63,3,0,0,0.25,8,2
63,0,1,0,0.25,7,-5
63,1,0,0,0.25,6,-4
63,1,2,0,0.25,-3,3
63,4,2,-1,0.25,-8,-1
63,7,2,-1,0.25,-10,0
63,7,2,-1,0.25,-10,1
63,7,3,0,0.25,-8,3
63,6,1,-1,0.25,-2,9
63,7,2,-1,0.25,4,-7
63,7,3,0,0.25,-5,6
63,6,3,0,0.25,-8,1
63,6,2,0,0.25,-5,1
63,6,1,-1,0.25,5,5
63,7,3,0,0.25,-4,4
63,6,2,0,0.25,-8,-9
63,6,3,0,0.25,2,-5
63,6,1,-1,0.25,6,6
63,7,3,0,0.25,-8,2
63,6,2,0,0.25,-10,5
63,6,0,0,0.25,2,-9
63,3,2,0,0.25,2,-3
63,6,3,0,0.25,9,7
63,6,2,0,0.25,-2,1
63,6,2,0,0.25,0,-9
63,6,3,0,0.25,-6,9
63,6,2,0,0.25,2,8
63,6,0,0,0.25,-1,-1
63,3,1,0,0.25,-10,4
63,4,2,-1,0.25,-1,9
63,7,0,0,0.25,-3,8
63,4,3,0,0.25,-6,-10
63,3,3,0,0.25,-3,3
63,3,1,0,0.25,-5,-9
63,4,2,-1,0.25,-6,1
63,7,3,0,0.25,8,-2
63,6,1,-1,0.25,8,0
63,7,2,-1,0.25,9,-2
63,7,3,0,0.25,1,-8
63,6,2,0,0.25,-3,5
63,6,2,0,0.25,-6,-4
63,6,1,-1,0.25,5,3
63,7,2,-1,0.25,8,0
63,7,0,0,0.25,1,8
63,4,0,0,0.25,2,-7
63,1,3,0,0.25,7,3
63,0,0,0,0.25,7,-4
63,0,3,0,0.25,-2,-1
63,0,3,0,0.25,-7,-5
63,0,3,0,0.25,2,-10
63,0,3,0,0.25,-1,9
63,0,2,0,0.25,-4,5
63,3,2,0,0.25,-4,-7
63,6,3,0,0.25,-8,1
63,6,2,0,0.25,-1,0
63,6,3,0,0.25,1,4
63,6,2,0,0.25,-5,7
63,6,0,0,0.25,3,-8
63,3,1,0,0.25,5,-1
63,4,1,0,0.25,8,3
63,5,1,0,0.25,-7,-3
63,5,2,1,0.25,-4,6
64,0,2,0,0.25,-2,-9
64,3,3,0,0.25,1,-2
64,3,2,0,0.25,0,-5
64,6,1,-1,0.25,8,-1
64,7,2,-1,0.25,1,2
64,7,2,-1,0.25,5,0
64,7,2,-1,0.25,2,2
64,7,1,1,0.25,-5,-1
65,0,0,0,0.25,-10,6
65,0,1,0,0.25,-2,-10
65,1,1,0,0.25,-10,6
65,2,0,0,0.25,1,1
65,2,1,0,0.25,-9,9
65,2,3,0,0.25,3,2
65,1,1,0,0.25,-5,-10
65,2,0,0,0.25,-3,7
65,2,3,0,0.25,-9,8
65,1,0,0,0.25,-4,3
65,1,3,0,0.25,-5,7
65,0,3,0,0.25,1,6
65,0,3,0,0.25,-7,8
65,0,3,0,0.25,-9,-9
65,0,1,0,0.25,-7,5
65,1,0,0,0.25,-6,-4
65,1,0,0,0.25,-3,-3
65,1,2,0,0.25,-3,9
65,4,0,0,0.25,-1,-7
65,1,1,0,0.25,7,-5
65,2,2,0,0.25,-4,-7
65,5,3,0,0.25,-4,8
65,4,2,-1,0.25,-8,-10
65,7,2,-1,0.25,6,0
65,7,1,1,0.25,9,-6
66,0,3,0,0.25,7,-2
66,0,3,0,0.25,4,6
66,0,3,0,0.25,7,-9
66,0,3,0,0.25,-10,-3
66,0,1,0,0.25,-10,2
66,1,3,0,0.25,4,-4
66,0,2,0,0.25,-7,-3
66,3,2,0,0.25,-9,1
66,6,3,0,0.25,9,-9
66,6,3,0,0.25,-7,-1
66,6,3,0,0.25,1,6
66,6,3,0,0.25,-8,-3
66,6,2,0,0.25,4,-6
66,6,2,0,0.25,-2,-3
66,6,2,0,0.25,-9,5
66,6,2,0,0.25,-8,-4
66,6,3,0,0.25,-1,6
66,6,3,0,0.25,1,8
66,6,1,-1,0.25,8,-8
66,7,0,0,0.25,-10,-9
66,4,2,-1,0.25,0,-9
66,7,3,0,0.25,-6,3
66,6,3,0,0.25,-10,8
66,6,3,0,0.25,1,5
66,6,3,0,0.25,-8,2
66,6,1,-1,0.25,3,6
66,7,1,1,0.25,-8,3
67,0,1,0,0.25,-3,6
67,1,3,0,0.25,-7,-2
67,0,1,0,0.25,1,8
67,1,1,0,0.25,6,-6
67,2,1,0,0.25,-3,1
67,2,3,0,0.25,-7,-4
67,1,1,0,0.25,9,6
67,2,3,0,0.25,-8,-2
67,1,1,0,0.25,4,6
67,2,1,0,0.25,-2,-6
67,2,3,0,0.25,0,-2
67,1,3,0,0.25,6,2
67,0,3,0,0.25,3,-10
67,0,0,0,0.25,-5,7
67,0,2,0,0.25,-9,-6
67,3,2,0,0.25,1,-10
67,6,1,-1,0.25,3,-4
67,7,1,1,0.25,-6,1
68,0,1,0,0.25,3,1
68,1,2,0,0.25,-7,2
68,4,1,0,0.25,-4,5
68,5,0,0,0.25,7,7
68,2,3,0,0.25,0,8
68,1,0,0,0.25,-7,7
68,1,1,0,0.25,5,-1
68,2,2,0,0.25,-9,-2
68,5,3,0,0.25,8,8
68,4,1,0,0.25,3,-3
68,5,1,0,0.25,-2,-2
68,5,2,1,0.25,-10,3
69,0,1,0,0.25,-4,-10
69,1,0,0,0.25,3,-10
69,1,1,0,0.25,-5,-9
69,2,3,0,0.25,3,-10
69,1,1,0,0.25,-10,-3
69,2,3,0,0.25,1,2
69,1,0,0,0.25,2,1
69,1,3,0,0.25,-6,5
69,0,3,0,0.25,3,4
69,0,1,0,0.25,2,2
69,1,1,0,0.25,-5,-10
69,2,0,0,0.25,5,1
69,2,2,0,0.25,0,2
69,5,1,0,0.25,2,3
69,5,1,0,0.25,3,-10
69,5,3,0,0.25,0,-4
69,4,3,0,0.25,-5,-7
69,3,2,0,0.25,-3,4
69,6,1,-1,0.25,3,-7
69,7,0,0,0.25,8,-1
69,4,3,0,0.25,7,-8
69,3,1,0,0.25,4,-7
69,4,2,-1,0.25,-10,-1
69,7,0,0,0.25,2,-2
69,4,3,0,0.25,-10,-10
69,3,1,0,0.25,7,7
69,4,0,0,0.25,-1,2
69,1,1,0,0.25,-3,5
69,2,0,0,0.25,-6,-6
69,2,2,0,0.25,5,-6
69,5,3,0,0.25,-9,-10
69,4,3,0,0.25,-7,3
69,3,1,0,0.25,-8,2
69,4,2,-1,0.25,0,0
69,7,3,0,0.25,4,6
69,6,0,0,0.25,2,-10
69,3,3,0,0.25,-3,-9
69,3,0,0,0.25,7,8
69,0,0,0,0.25,6,-8
69,0,1,0,0.25,7,8
69,1,2,0,0.25,8,-1
69,4,0,0,0.25,-5,8
69,1,0,0,0.25,7,-8
69,1,2,0,0.25,-3,8
69,4,2,-1,0.25,0,-10
69,7,2,-1,0.25,-6,8
69,7,1,1,0.25,-1,0
70,0,3,0,0.25,8,2
70,0,2,0,0.25,6,-9
70,3,0,0,0.25,-9,-9
70,0,1,0,0.25,0,4
70,1,3,0,0.25,8,-2
70,0,3,0,0.25,4,7
70,0,2,0,0.25,-7,-7
70,3,3,0,0.25,-7,-3
70,3,3,0,0.25,-1,-1
70,3,1,0,0.25,0,-2
70,4,0,0,0.25,-10,6
70,1,0,0,0.25,-9,-8
70,1,2,0,0.25,6,2
70,4,3,0,0.25,-7,-1
70,3,2,0,0.25,8,8
70,6,3,0,0.25,4,-7
70,6,0,0,0.25,-9,-3
70,3,3,0,0.25,8,9
70,3,3,0,0.25,4,-7
70,3,3,0,0.25,5,6
70,3,0,0,0.25,-10,0
70,0,0,0,0.25,4,-7
70,0,3,0,0.25,8,-1
70,0,2,0,0.25,4,-4
70,3,3,0,0.25,-8,1
70,3,1,0,0.25,-9,7
70,4,2,-1,0.25,8,6
70,7,3,0,0.25,5,-6
70,6,2,0,0.25,-2,0
70,6,3,0,0.25,6,-4
70,6,0,0,0.25,-3,-10
70,3,0,0,0.25,3,-5
70,0,1,0,0.25,-6,-4
70,1,0,0,0.25,-1,-10
70,1,3,0,0.25,3,-3
70,0,3,0,0.25,-5,-1
70,0,1,0,0.25,-3,4
70,1,3,0,0.25,-4,8
70,0,3,0,0.25,2,-8
70,0,0,0,0.25,8,-5
70,0,3,0,0.25,-5,2
70,0,0,0,0.25,-2,3
70,0,1,0,0.25,4,4
70,1,2,0,0.25,-10,-2
70,4,1,0,0.25,8,-8
70,5,2,1,0.25,-8,9
71,0,2,0,0.25,-6,-7
71,3,1,0,0.25,3,-9
71,4,2,-1,0.25,8,-9
71,7,2,-1,0.25,0,9
71,7,1,1,0.25,-5,6
72,0,2,0,0.25,1,-3
72,3,1,0,0.25,8,-4
72,4,0,0,0.25,-1,2
72,1,3,0,0.25,2,-3
72,0,2,0,0.25,-10,1
72,3,3,0,0.25,7,7
72,3,0,0,0.25,8,-7
72,0,2,0,0.25,-10,-8
72,3,3,0,0.25,7,8
72,3,2,0,0.25,-1,9
72,6,2,0,0.25,-8,-7
72,6,2,0,0.25,4,-1
72,6,3,0,0.25,-2,-4
72,6,2,0,0.25,8,5
72,6,0,0,0.25,7,-2
72,3,3,0,0.25,0,-4
72,3,3,0,0.25,-4,-6
72,3,0,0,0.25,-1,5
72,0,1,0,0.25,-5,5
72,1,0,0,0.25,1,9
72,1,3,0,0.25,-6,9
72,0,3,0,0.25,7,5
72,0,0,0,0.25,1,4
72,0,2,0,0.25,-5,1
72,3,1,0,0.25,-3,-4
72,4,3,0,0.25,7,-1
72,3,0,0,0.25,6,1
72,0,2,0,0.25,1,1
72,3,3,0,0.25,-7,2
72,3,3,0,0.25,-3,-2
72,3,2,0,0.25,-4,5
72,6,2,0,0.25,6,-1
72,6,3,0,0.25,3,0
72,6,3,0,0.25,1,2
72,6,0,0,0.25,-3,0
72,3,0,0,0.25,7,1
72,0,1,0,0.25,-4,-9
72,1,2,0,0.25,3,-6
72,4,3,0,0.25,-5,1
72,3,0,0,0.25,7,4
72,0,3,0,0.25,3,-3
72,0,0,0,0.25,7,-10
72,0,3,0,0.25,0,-2
72,0,1,0,0.25,0,-10
72,1,0,0,0.25,1,8
72,1,3,0,0.25,5,1
72,0,2,0,0.25,-4,-4
72,3,1,0,0.25,8,-6
72,4,1,0,0.25,8,2
72,5,3,0,0.25,-6,-5
72,4,2,-1,0.25,-3,9
72,7,3,0,0.25,8,5
72,6,2,0,0.25,8,7
72,6,1,-1,0.25,-6,9
72,7,2,-1,0.25,6,-6
72,7,0,0,0.25,-10,0
72,4,0,0,0.25,-10,5
72,1,2,0,0.25,9,-2
72,4,1,0,0.25,9,4
72,5,3,0,0.25,-8,7
72,4,0,0,0.25,-2,-10
72,1,3,0,0.25,-10,7
72,0,3,0,0.25,6,-7
72,0,2,0,0.25,-5,-5
72,3,0,0,0.25,7,-4
72,0,0,0,0.25,4,-7
72,0,3,0,0.25,5,-2
72,0,1,0,0.25,4,-9
72,1,3,0,0.25,-10,8
72,0,2,0,0.25,-4,-5
72,3,0,0,0.25,-4,9
72,0,1,0,0.25,1,1
72,1,0,0,0.25,0,0
72,1,0,0,0.25,-7,9
72,1,2,0,0.25,-1,9
72,4,0,0,0.25,8,7
72,1,0,0,0.25,6,-10
72,1,1,0,0.25,-4,-3
72,2,3,0,0.25,2,6
72,1,2,0,0.25,-8,3
72,4,0,0,0.25,-4,-4
72,1,3,0,0.25,8,9
72,0,1,0,0.25,7,5
72,1,2,0,0.25,-4,-1
72,4,3,0,0.25,9,0
72,3,1,0,0.25,3,-2
72,4,2,-1,0.25,7,4
72,7,2,-1,0.25,-3,-4
72,7,3,0,0.25,0,4
72,6,0,0,0.25,2,3
72,3,2,0,0.25,7,-8
72,6,0,0,0.25,4,6
72,3,1,0,0.25,-8,3
72,4,2,-1,0.25,-10,1
72,7,0,0,0.25,-1,5
72,4,1,0,0.25,4,-4
72,5,1,0,0.25,-10,-5
72,5,2,1,0.25,3,-4
73,0,0,0,0.25,-1,3
73,0,3,0,0.25,9,-6
73,0,2,0,0.25,-5,-5
73,3,0,0,0.25,-6,3
73,0,0,0,0.25,-9,2
73,0,3,0,0.25,-10,3
73,0,0,0,0.25,-5,8
73,0,1,0,0.25,7,0
73,1,2,0,0.25,8,1
73,4,2,-1,0.25,-9,-4
73,7,1,1,0.25,-4,-10
74,0,0,0,0.25,-5,-8
74,0,2,0,0.25,-6,-7
74,3,3,0,0.25,6,-5
74,3,1,0,0.25,-6,0
74,4,0,0,0.25,5,-8
74,1,2,0,0.25,-6,2
74,4,2,-1,0.25,-5,-8
74,7,3,0,0.25,-5,8
74,6,3,0,0.25,-6,6
74,6,2,0,0.25,2,5
74,6,2,0,0.25,-2,9
74,6,3,0,0.25,-2,8
74,6,2,0,0.25,-8,7
74,6,1,-1,0.25,-6,8
74,7,1,1,0.25,-2,3
75,0,0,0,0.25,-8,-9
75,0,2,0,0.25,5,3
75,3,2,0,0.25,-1,4
75,6,1,-1,0.25,1,9
75,7,2,-1,0.25,-5,3
75,7,3,0,0.25,1,0
75,6,2,0,0.25,8,5
75,6,1,-1,0.25,-2,9
75,7,2,-1,0.25,-3,7
75,7,3,0,0.25,-10,4
75,6,0,0,0.25,-1,6
75,3,1,0,0.25,-6,0
75,4,2,-1,0.25,-7,1
75,7,1,1,0.25,-2,4
76,0,3,0,0.25,-8,4
76,0,0,0,0.25,-2,-6
76,0,2,0,0.25,-3,4
76,3,3,0,0.25,2,-4
76,3,2,0,0.25,4,1
76,6,1,-1,0.25,-8,9
76,7,0,0,0.25,-10,4
76,4,3,0,0.25,1,-8
76,3,1,0,0.25,-1,6
76,4,2,-1,0.25,6,5
76,7,0,0,0.25,6,1
76,4,0,0,0.25,-10,7
76,1,0,0,0.25,-10,4
76,1,2,0,0.25,3,-10
76,4,1,0,0.25,-2,-2
76,5,3,0,0.25,3,-10
76,4,1,0,0.25,-9,1
76,5,3,0,0.25,-4,-4
76,4,1,0,0.25,-9,-5
76,5,3,0,0.25,6,-3
76,4,0,0,0.25,-6,9
76,1,0,0,0.25,2,-3
76,1,1,0,0.25,3,7
76,2,3,0,0.25,-1,-3
76,1,0,0,0.25,6,4
76,1,2,0,0.25,8,4
76,4,1,0,0.25,-7,-6
76,5,2,1,0.25,-2,0
77,0,2,0,0.25,8,8
77,3,0,0,0.25,-3,-6
77,0,0,0,0.25,3,0
77,0,0,0,0.25,-10,-7
77,0,3,0,0.25,-2,8
77,0,1,0,0.25,6,-3
77,1,0,0,0.25,-1,-4
77,1,1,0,0.25,9,-2
77,2,0,0,0.25,-4,-4
77,2,0,0,0.25,8,-4
77,2,2,0,0.25,0,0
77,5,3,0,0.25,-7,0
77,4,3,0,0.25,1,-9
77,3,3,0,0.25,8,-9
77,3,2,0,0.25,2,3
77,6,2,0,0.25,3,-2
77,6,1,-1,0.25,-5,6
77,7,3,0,0.25,-1,0
77,6,1,-1,0.25,1,-4
77,7,0,0,0.25,3,-5
77,4,0,0,0.25,-7,7
77,1,1,0,0.25,3,-6
77,2,3,0,0.25,4,-3
77,1,1,0,0.25,-7,-4
77,2,3,0,0.25,9,4
77,1,1,0,0.25,7,2
77,2,3,0,0.25,9,-5
77,1,3,0,0.25,0,-8
77,0,1,0,0.25,6,-8
77,1,0,0,0.25,4,5
77,1,2,0,0.25,-4,-8
77,4,0,0,0.25,6,-8
77,1,0,0,0.25,-8,-7
77,1,1,0,0.25,-8,-2
77,2,2,0,0.25,5,9
77,5,0,0,0.25,-10,3
77,2,0,0,0.25,1,7
77,2,2,0,0.25,-7,0
77,5,1,0,0.25,9,8
77,5,3,0,0.25,-1,8
77,4,0,0,0.25,-5,3
77,1,3,0,0.25,5,-2
77,0,3,0,0.25,-9,-1
77,0,3,0,0.25,-9,-9
77,0,2,0,0.25,8,-3
77,3,1,0,0.25,-5,9
77,4,1,0,0.25,-8,-6
77,5,3,0,0.25,-9,-9
77,4,3,0,0.25,8,9
77,3,3,0,0.25,-7,-4
77,3,2,0,0.25,1,-9
77,6,0,0,0.25,-5,-9
77,3,2,0,0.25,-4,-2
77,6,1,-1,0.25,-6,-9
77,7,1,1,0.25,1,8
78,0,1,0,0.25,0,-5
78,1,3,0,0.25,-9,-2
78,0,1,0,0.25,-7,-9
78,1,3,0,0.25,2,-9
78,0,3,0,0.25,0,5
78,0,0,0,0.25,-6,-9
78,0,1,0,0.25,5,0
78,1,1,0,0.25,1,1
78,2,1,0,0.25,-6,-1
78,2,2,0,0.25,9,-3
78,5,2,1,0.25,7,5
79,0,3,0,0.25,-9,0
79,0,3,0,0.25,1,3
79,0,2,0,0.25,-1,-10
79,3,2,0,0.25,-9,-6
79,6,3,0,0.25,1,-1
79,6,2,0,0.25,-10,-5
79,6,0,0,0.25,5,-2
79,3,1,0,0.25,-4,5
79,4,1,0,0.25,-3,3
79,5,1,0,0.25,-6,3
79,5,1,0,0.25,-5,-9
79,5,1,0,0.25,5,2
79,5,3,0,0.25,-4,-10
79,4,2,-1,0.25,5,-2
79,7,2,-1,0.25,-9,-5
79,7,3,0,0.25,-8,-8
79,6,3,0,0.25,-8,-4
79,6,1,-1,0.25,-5,-9
79,7,0,0,0.25,8,-5
79,4,0,0,0.25,-10,5
79,1,0,0,0.25,-4,-10
79,1,1,0,0.25,-2,5
79,2,1,0,0.25,6,-7
79,2,3,0,0.25,-8,-5
79,1,1,0,0.25,-2,2
79,2,1,0,0.25,8,7
79,2,3,0,0.25,2,2
79,1,3,0,0.25,4,5
79,0,0,0,0.25,-3,6
79,0,3,0,0.25,-9,6
79,0,3,0,0.25,3,-1
79,0,1,0,0.25,-2,5
79,1,1,0,0.25,5,-5
79,2,0,0,0.25,-3,-6
79,2,1,0,0.25,9,6
79,2,0,0,0.25,8,3
79,2,0,0,0.25,-10,-7
79,2,0,0,0.25,-9,-9
79,2,3,0,0.25,-3,3
79,1,3,0,0.25,-2,-4
79,0,1,0,0.25,-10,6
79,1,0,0,0.25,-8,8
79,1,2,0,0.25,5,9
79,4,3,0,0.25,-10,-4
79,3,3,0,0.25,-1,1
79,3,2,0,0.25,0,3
79,6,1,-1,0.25,4,7
79,7,3,0,0.25,-1,-2
79,6,3,0,0.25,5,8
79,6,3,0,0.25,-2,-1
79,6,3,0,0.25,4,-1
79,6,0,0,0.25,-6,8
79,3,0,0,0.25,4,5
79,0,2,0,0.25,-7,9
79,3,0,0,0.25,8,2
79,0,1,0,0.25,-3,7
79,1,1,0,0.25,-5,-6
79,2,0,0,0.25,9,3
79,2,3,0,0.25,-1,4
79,1,3,0,0.25,6,-9
79,0,3,0,0.25,0,8
79,0,0,0,0.25,-3,-7
79,0,0,0,0.25,2,-5
79,0,1,0,0.25,-1,-7
79,1,3,0,0.25,-1,1
79,0,3,0,0.25,3,8
79,0,3,0,0.25,-4,9
79,0,2,0,0.25,-9,0
79,3,2,0,0.25,9,-4
79,6,2,0,0.25,-7,-1
79,6,0,0,0.25,-10,9
79,3,0,0,0.25,0,-7
79,0,0,0,0.25,5,-9
79,0,0,0,0.25,1,3
79,0,2,0,0.25,1,-7
79,3,2,0,0.25,3,-5
79,6,1,-1,0.25,-3,-4
79,7,3,0,0.25,2,-9
79,6,3,0,0.25,5,1
79,6,1,-1,0.25,-1,1
79,7,2,-1,0.25,-1,-9
79,7,3,0,0.25,-4,7
79,6,2,0,0.25,3,-3
79,6,3,0,0.25,-9,5
79,6,0,0,0.25,-10,-10
79,3,1,0,0.25,-10,-4
79,4,0,0,0.25,9,2
79,1,0,0,0.25,4,9
79,1,3,0,0.25,-6,-2
79,0,1,0,0.25,1,3
79,1,2,0,0.25,-8,9
79,4,2,-1,0.25,2,8
79,7,3,0,0.25,-6,4
79,6,2,0,0.25,8,-9
79,6,2,0,0.25,5,-4
79,6,1,-1,0.25,9,-8
79,7,3,0,0.25,-6,-7
79,6,0,0,0.25,-4,-9
79,3,2,0,0.25,5,-6
79,6,3,0,0.25,0,-2
80,0,3,0,0.25,5,-6
80,0,1,0,0.25,-7,4
80,1,2,0,0.25,8,7
80,4,0,0,0.25,9,-10
80,1,0,0,0.25,3,-1
80,1,3,0,0.25,-10,-2
80,0,0,0,0.25,-7,-10
80,0,2,0,0.25,1,-8
80,3,1,0,0.25,-2,3
80,4,1,0,0.25,3,-8
80,5,3,0,0.25,-4,-1
80,4,3,0,0.25,4,0
80,3,0,0,0.25,-1,-10
80,0,3,0,0.25,8,-1
80,0,0,0,0.25,-3,-9
80,0,1,0,0.25,6,-10
80,1,2,0,0.25,6,0
80,4,0,0,0.25,0,-7
80,1,3,0,0.25,-7,-4
80,0,2,0,0.25,2,9
80,3,3,0,0.25,-1,3
80,3,1,0,0.25,-10,6
80,4,0,0,0.25,8,8
80,1,3,0,0.25,-6,-6
80,0,3,0,0.25,3,-4
80,0,3,0,0.25,-4,6
80,0,0,0,0.25,0,5
80,0,2,0,0.25,2,-4
80,3,0,0,0.25,7,-6
80,0,1,0,0.25,5,-9
80,1,3,0,0.25,-3,-7
80,0,2,0,0.25,6,9
80,3,3,0,0.25,9,5
80,3,3,0,0.25,-10,-2
80,3,1,0,0.25,-3,2
80,4,1,0,0.25,5,-9
80,5,1,0,0.25,-6,4
80,5,1,0,0.25,2,-10
80,5,0,0,0.25,1,0
80,2,2,0,0.25,-4,5
80,5,3,0,0.25,8,-9
80,4,0,0,0.25,-10,-3
80,1,0,0,0.25,8,-9
80,1,2,0,0.25,8,-1
80,4,1,0,0.25,-7,-2
80,5,0,0,0.25,-9,-2
80,2,2,0,0.25,-1,7
80,5,1,0,0.25,-9,6
80,5,2,1,0.25,-7,-2
81,0,0,0,0.25,4,-9
81,0,0,0,0.25,2,-9
81,0,1,0,0.25,0,-5
81,1,0,0,0.25,-2,-3
81,1,2,0,0.25,-9,8
81,4,0,0,0.25,-1,0
81,1,2,0,0.25,9,8
81,4,0,0,0.25,-3,-9
81,1,3,0,0.25,-3,1
81,0,2,0,0.25,-10,2
81,3,1,0,0.25,4,-6
81,4,1,0,0.25,7,8
81,5,3,0,0.25,-3,8
81,4,3,0,0.25,-4,-8
81,3,2,0,0.25,-10,2
81,6,0,0,0.25,-1,-10
81,3,3,0,0.25,-9,-6
81,3,3,0,0.25,-3,3
81,3,3,0,0.25,7,2
81,3,1,0,0.25,2,-1
81,4,0,0,0.25,-7,1
81,1,3,0,0.25,0,1
81,0,3,0,0.25,-8,5
81,0,0,0,0.25,-4,7
81,0,3,0,0.25,-8,-2
81,0,0,0,0.25,-6,-5
81,0,2,0,0.25,-4,5
81,3,3,0,0.25,-9,3
81,3,3,0,0.25,-1,9
81,3,2,0,0.25,-10,-5
81,6,1,-1,0.25,3,-3
81,7,3,0,0.25,-9,8
81,6,3,0,0.25,-1,-4
81,6,1,-1,0.25,0,-1
81,7,0,0,0.25,2,-5
81,4,2,-1,0.25,-9,5
81,7,0,0,0.25,0,0
81,4,1,0,0.25,-6,-10
81,5,2,1,0.25,6,1
82,0,3,0,0.25,4,-2
82,0,3,0,0.25,-9,-3
82,0,2,0,0.25,-5,-6
82,3,0,0,0.25,-7,9
82,0,0,0,0.25,7,9
82,0,1,0,0.25,5,7
82,1,3,0,0.25,-4,1
82,0,3,0,0.25,-8,6
82,0,0,0,0.25,-8,-10
82,0,0,0,0.25,-1,4
82,0,2,0,0.25,-6,0
82,3,1,0,0.25,0,-5
82,4,2,-1,0.25,-7,-3
82,7,3,0,0.25,-4,-9
82,6,0,0,0.25,-8,-2
82,3,2,0,0.25,-1,-3
82,6,1,-1,0.25,5,-10
82,7,3,0,0.25,3,-1
82,6,2,0,0.25,-2,6
82,6,1,-1,0.25,8,1
82,7,3,0,0.25,-10,-4
82,6,2,0,0.25,-4,-7
82,6,2,0,0.25,9,7
82,6,0,0,0.25,-10,-10
82,3,2,0,0.25,3,3
82,6,3,0,0.25,9,3
82,6,2,0,0.25,6,-9
82,6,3,0,0.25,5,5
82,6,2,0,0.25,8,-4
82,6,1,-1,0.25,-7,9
82,7,3,0,0.25,-5,-8
82,6,1,-1,0.25,-6,-2
82,7,3,0,0.25,-3,-9
82,6,2,0,0.25,8,-10
82,6,1,-1,0.25,0,2
82,7,3,0,0.25,-5,2
82,6,0,0,0.25,7,7
82,3,1,0,0.25,-9,3
82,4,3,0,0.25,7,2
82,3,2,0,0.25,-8,9
82,6,0,0,0.25,1,-5
82,3,3,0,0.25,-2,-7
82,3,1,0,0.25,6,6
82,4,3,0,0.25,-1,-10
82,3,3,0,0.25,8,-5
82,3,2,0,0.25,-4,7
82,6,2,0,0.25,8,-10
82,6,2,0,0.25,-7,7
82,6,0,0,0.25,-8,9
82,3,3,0,0.25,-5,-9
82,3,3,0,0.25,-1,-3
82,3,3,0,0.25,-9,2
82,3,0,0,0.25,3,9
82,0,3,0,0.25,-7,-1
82,0,2,0,0.25,4,9
82,3,0,0,0.25,2,-5
82,0,2,0,0.25,-5,0
82,3,3,0,0.25,-1,-5
82,3,2,0,0.25,2,8
82,6,0,0,0.25,-9,6
82,3,2,0,0.25,8,5
82,6,2,0,0.25,-6,1
82,6,1,-1,0.25,-1,-6
82,7,3,0,0.25,-3,2
82,6,1,-1,0.25,0,-5
82,7,2,-1,0.25,-7,2
82,7,1,1,0.25,-2,2
83,0,2,0,0.25,-4,1
83,3,0,0,0.25,-9,-4
83,0,2,0,0.25,8,-10
83,3,3,0,0.25,-8,-4
83,3,2,0,0.25,-4,3
83,6,1,-1,0.25,-5,-1
83,7,1,1,0.25,6,-7
84,0,0,0,0.25,-2,5
84,0,1,0,0.25,0,-9
84,1,0,0,0.25,-6,9
84,1,2,0,0.25,-6,0
84,4,3,0,0.25,8,0
84,3,0,0,0.25,-6,6
84,0,3,0,0.25,-1,-6
84,0,3,0,0.25,-5,-3
84,0,3,0,0.25,8,0
84,0,1,0,0.25,2,8
84,1,1,0,0.25,5,2
84,2,1,0,0.25,-2,-3
84,2,0,0,0.25,6,0
84,2,0,0,0.25,3,-7
84,2,0,0,0.25,5,7
84,2,2,0,0.25,-8,2
84,5,0,0,0.25,8,9
84,2,1,0,0.25,2,4
84,2,2,0,0.25,-5,6
84,5,1,0,0.25,-1,-1
84,5,2,1,0.25,-4,1
85,0,2,0,0.25,-2,1
85,3,2,0,0.25,-2,7
85,6,1,-1,0.25,-9,3
85,7,2,-1,0.25,1,5
85,7,0,0,0.25,4,1
85,4,2,-1,0.25,-3,-3
85,7,2,-1,0.25,-2,-4
85,7,0,0,0.25,2,-2
85,4,1,0,0.25,-8,4
85,5,3,0,0.25,-4,0
85,4,1,0,0.25,-4,-7
85,5,3,0,0.25,-3,-7
85,4,3,0,0.25,2,6
85,3,0,0,0.25,5,1
85,0,2,0,0.25,6,6
85,3,2,0,0.25,-5,-2
85,6,2,0,0.25,8,-1
85,6,2,0,0.25,6,-5
85,6,1,-1,0.25,-1,-6
85,7,2,-1,0.25,-4,-3
85,7,0,0,0.25,-6,-10
85,4,2,-1,0.25,7,1
85,7,1,1,0.25,-7,6
86,0,1,0,0.25,8,4
86,1,2,0,0.25,3,2
86,4,1,0,0.25,6,2
86,5,2,1,0.25,-4,-6
87,0,3,0,0.25,0,-5
87,0,0,0,0.25,-6,6
87,0,1,0,0.25,4,2
87,1,1,0,0.25,-6,8
87,2,1,0,0.25,-5,-2
87,2,1,0,0.25,1,-2
87,2,2,0,0.25,7,-4
87,5,1,0,0.25,0,4
87,5,2,1,0.25,2,6
88,0,3,0,0.25,-10,8
88,0,2,0,0.25,-5,6
88,3,0,0,0.25,-1,-8
88,0,3,0,0.25,4,5
88,0,1,0,0.25,9,-9
88,1,1,0,0.25,-3,-7
88,2,1,0,0.25,6,-9
88,2,2,0,0.25,-9,2
88,5,2,1,0.25,0,7
89,0,1,0,0.25,-5,2
89,1,1,0,0.25,8,-7
89,2,2,0,0.25,7,2
89,5,2,1,0.25,7,0
90,0,3,0,0.25,6,9
90,0,0,0,0.25,0,-3
90,0,3,0,0.25,5,1
90,0,2,0,0.25,0,9
90,3,3,0,0.25,-9,-9
90,3,0,0,0.25,-8,8
90,0,1,0,0.25,-10,0
90,1,0,0,0.25,1,-10
90,1,1,0,0.25,4,-6
90,2,1,0,0.25,1,-5
90,2,3,0,0.25,-8,9
90,1,2,0,0.25,1,0
90,4,3,0,0.25,3,0
90,3,0,0,0.25,-8,8
90,0,0,0,0.25,-7,2
90,0,3,0,0.25,0,-2
90,0,1,0,0.25,-3,-2
90,1,0,0,0.25,0,-2
90,1,1,0,0.25,-10,7
90,2,3,0,0.25,-6,-2
90,1,0,0,0.25,-3,5
90,1,2,0,0.25,3,0
90,4,2,-1,0.25,1,-9
90,7,2,-1,0.25,-1,5
90,7,2,-1,0.25,6,-2
90,7,2,-1,0.25,-2,2
90,7,3,0,0.25,3,-2
90,6,3,0,0.25,0,8
90,6,0,0,0.25,3,-3
90,3,0,0,0.25,1,2
90,0,0,0,0.25,-9,8
90,0,2,0,0.25,8,6
90,3,1,0,0.25,-3,5
90,4,3,0,0.25,-1,8
90,3,0,0,0.25,-10,-2
90,0,2,0,0.25,-9,9
90,3,0,0,0.25,-3,-10
90,0,1,0,0.25,0,-6
90,1,2,0,0.25,-6,-1
90,4,3,0,0.25,2,-8
90,3,1,0,0.25,3,-9
90,4,3,0,0.25,1,3
90,3,0,0,0.25,-8,-3
90,0,0,0,0.25,8,-2
90,0,3,0,0.25,-1,9
90,0,0,0,0.25,7,-8
90,0,1,0,0.25,8,4
90,1,3,0,0.25,0,5
90,0,3,0,0.25,9,1
90,0,1,0,0.25,-10,-2
90,1,0,0,0.25,4,2
90,1,3,0,0.25,-9,-6
90,0,0,0,0.25,-7,6
90,0,0,0,0.25,4,-8
90,0,2,0,0.25,2,4
90,3,1,0,0.25,-8,-9
90,4,1,0,0.25,-6,-8
90,5,2,1,0.25,-10,-8
91,0,3,0,0.25,-2,0
91,0,1,0,0.25,-10,0
91,1,3,0,0.25,8,-7
91,0,2,0,0.25,-1,-10
91,3,1,0,0.25,-6,-10
91,4,0,0,0.25,4,-5
91,1,0,0,0.25,4,0
91,1,1,0,0.25,3,5
91,2,3,0,0.25,7,-2
91,1,2,0,0.25,8,-8
91,4,0,0,0.25,1,3
91,1,3,0,0.25,-3,-9
91,0,3,0,0.25,2,1
91,0,3,0,0.25,0,4
91,0,3,0,0.25,-5,-9
91,0,0,0,0.25,6,6
91,0,0,0,0.25,9,8
91,0,3,0,0.25,-7,3
91,0,2,0,0.25,-4,-5
91,3,2,0,0.25,-4,3
91,6,3,0,0.25,6,5
91,6,1,-1,0.25,-10,-4
91,7,2,-1,0.25,4,-1
91,7,1,1,0.25,3,4
92,0,1,0,0.25,-10,9
92,1,1,0,0.25,-4,5
92,2,3,0,0.25,3,0
92,1,2,0,0.25,-1,7
92,4,0,0,0.25,8,-8
92,1,2,0,0.25,0,-6
92,4,3,0,0.25,5,8
92,3,0,0,0.25,3,6
92,0,3,0,0.25,-9,-7
92,0,2,0,0.25,6,-6
92,3,2,0,0.25,-4,2
92,6,2,0,0.25,9,4
92,6,0,0,0.25,8,-7
92,3,1,0,0.25,7,-7
92,4,3,0,0.25,-5,0
92,3,0,0,0.25,1,4
92,0,0,0,0.25,1,9
92,0,2,0,0.25,7,7
92,3,3,0,0.25,-1,3
92,3,1,0,0.25,9,2
92,4,2,-1,0.25,8,-6
92,7,2,-1,0.25,-2,2
92,7,0,0,0.25,9,9
92,4,1,0,0.25,8,1
92,5,3,0,0.25,4,7
92,4,3,0,0.25,7,8
92,3,1,0,0.25,-1,-5
92,4,2,-1,0.25,8,-1
92,7,1,1,0.25,-10,8
93,0,0,0,0.25,-10,0
93,0,1,0,0.25,3,-5
93,1,1,0,0.25,5,9
93,2,1,0,0.25,-9,-7
93,2,0,0,0.25,2,1
93,2,3,0,0.25,6,-2
93,1,0,0,0.25,-10,-3
93,1,0,0,0.25,-4,-6
93,1,1,0,0.25,8,6
93,2,0,0,0.25,9,8
93,2,3,0,0.25,4,-10
93,1,3,0,0.25,-5,-5
93,0,0,0,0.25,-4,3
93,0,0,0,0.25,-3,-9
93,0,2,0,0.25,7,-1
93,3,3,0,0.25,-6,-3
93,3,3,0,0.25,-9,7
93,3,1,0,0.25,-4,3
93,4,2,-1,0.25,1,-4
93,7,2,-1,0.25,9,4
93,7,0,0,0.25,-10,-9
93,4,2,-1,0.25,-10,-3
93,7,1,1,0.25,9,-1
94,0,0,0,0.25,-4,-5
94,0,0,0,0.25,9,8
94,0,3,0,0.25,-10,-10
94,0,2,0,0.25,-6,1
94,3,3,0,0.25,8,-8
94,3,1,0,0.25,-5,-6
94,4,1,0,0.25,-8,-6
94,5,2,1,0.25,-9,0
95,0,1,0,0.25,6,7
95,1,2,0,0.25,9,7
95,4,2,-1,0.25,6,-10
95,7,0,0,0.25,6,-4
95,4,2,-1,0.25,-3,-7
95,7,1,1,0.25,-9,4
96,0,1,0,0.25,4,-4
96,1,1,0,0.25,-6,7
96,2,3,0,0.25,-6,-2
96,1,2,0,0.25,-8,7
96,4,2,-1,0.25,-7,7
96,7,0,0,0.25,0,1
96,4,2,-1,0.25,2,4
96,7,3,0,0.25,-2,9
96,6,3,0,0.25,5,-2
96,6,2,0,0.25,-8,-4
96,6,2,0,0.25,1,-5
96,6,2,0,0.25,-3,-1
96,6,2,0,0.25,-4,-2
96,6,1,-1,0.25,3,7
96,7,0,0,0.25,6,-3
96,4,3,0,0.25,8,1
96,3,2,0,0.25,5,-7
96,6,3,0,0.25,-7,5
96,6,0,0,0.25,8,9
96,3,3,0,0.25,-3,5
96,3,2,0,0.25,-8,6
96,6,2,0,0.25,9,-6
96,6,0,0,0.25,-5,7
96,3,2,0,0.25,6,3
96,6,1,-1,0.25,4,7
96,7,0,0,0.25,0,-9
96,4,3,0,0.25,1,6
96,3,2,0,0.25,3,-1
96,6,2,0,0.25,-8,-10
96,6,2,0,0.25,2,2
96,6,3,0,0.25,3,-4
96,6,2,0,0.25,0,9
96,6,1,-1,0.25,-1,-2
96,7,3,0,0.25,-2,-2
96,6,2,0,0.25,0,7
96,6,3,0,0.25,8,-8
96,6,1,-1,0.25,-8,-6
96,7,1,1,0.25,-6,-3
97,0,2,0,0.25,7,9
97,3,2,0,0.25,-1,-10
97,6,3,0,0.25,6,8
97,6,1,-1,0.25,6,4
97,7,2,-1,0.25,2,-1
97,7,3,0,0.25,-8,8
97,6,0,0,0.25,5,3
97,3,1,0,0.25,-1,0
97,4,1,0,0.25,6,3
97,5,1,0,0.25,3,-10
97,5,0,0,0.25,0,6
97,2,3,0,0.25,2,3
97,1,1,0,0.25,2,-7
97,2,3,0,0.25,8,6
97,1,3,0,0.25,-6,-2
97,0,2,0,0.25,5,6
97,3,2,0,0.25,5,-6
97,6,3,0,0.25,-2,-1
97,6,3,0,0.25,-3,4
97,6,1,-1,0.25,7,-1
97,7,0,0,0.25,6,-6
97,4,2,-1,0.25,-9,7
97,7,3,0,0.25,-7,-2
97,6,0,0,0.25,-3,-5
97,3,2,0,0.25,-1,-5
97,6,1,-1,0.25,4,5
97,7,1,1,0.25,-6,1
98,0,0,0,0.25,3,6
98,0,0,0,0.25,-7,9
98,0,1,0,0.25,-6,-2
98,1,2,0,0.25,7,3
98,4,0,0,0.25,-9,-7
98,1,3,0,0.25,-6,-10
98,0,1,0,0.25,-7,-10
98,1,0,0,0.25,-1,5
98,1,0,0,0.25,0,7
98,1,1,0,0.25,-4,-1
98,2,1,0,0.25,-3,-9
98,2,2,0,0.25,-9,-7
98,5,1,0,0.25,0,-4
98,5,2,1,0.25,-10,-6
99,0,0,0,0.25,-3,-10
99,0,0,0,0.25,6,-6
99,0,1,0,0.25,4,-8
99,1,1,0,0.25,1,6
99,2,3,0,0.25,8,-3
99,1,3,0,0.25,-5,-9
99,0,1,0,0.25,7,-6
99,1,1,0,0.25,-8,9
99,2,0,0,0.25,-6,-2
99,2,1,0,0.25,-2,9
99,2,1,0,0.25,-8,5
99,2,0,0,0.25,1,-3
99,2,3,0,0.25,-7,-4
99,1,0,0,0.25,-3,1
99,1,2,0,0.25,3,-9
99,4,0,0,0.25,-5,-3
99,1,0,0,0.25,-7,2
99,1,3,0,0.25,-1,5
99,0,1,0,0.25,-2,9
99,1,1,0,0.25,7,-4
99,2,0,0,0.25,5,4
99,2,0,0,0.25,-7,7
99,2,2,0,0.25,6,-10
99,5,1,0,0.25,6,-10
99,5,1,0,0.25,2,-8
99,5,0,0,0.25,3,-7
99,2,2,0,0.25,5,-8
99,5,3,0,0.25,8,6
99,4,3,0,0.25,-10,2
99,3,1,0,0.25,-1,3
99,4,2,-1,0.25,7,-9
99,7,0,0,0.25,-8,8
99,4,0,0,0.25,-3,-2
99,1,0,0,0.25,0,-7
99,1,1,0,0.25,8,4
99,2,2,0,0.25,5,0
99,5,3,0,0.25,3,3
99,4,1,0,0.25,-1,-3
99,5,1,0,0.25,0,6
99,5,2,1,0.25,4,8
