0,0,0,0,0.25
0,0,1,0,0.25
0,1,2,0,0.25
0,4,1,0,0.25
0,5,0,0,0.25
0,2,0,0,0.25
0,2,3,0,0.25
0,1,1,0,0.25
0,2,1,0,0.25
0,2,3,0,0.25
0,1,2,0,0.25
0,4,1,0,0.25
0,5,0,0,0.25
0,2,3,0,0.25
0,1,1,0,0.25
0,2,3,0,0.25
0,1,1,0,0.25
0,2,2,0,0.25
0,5,1,0,0.25
0,5,0,0,0.25
0,2,1,0,0.25
0,2,2,0,0.25
0,5,0,0,0.25
0,2,0,0,0.25
0,2,0,0,0.25
0,2,3,0,0.25
0,1,2,0,0.25
0,4,2,-1,0.25
0,7,1,1,0.25
1,0,0,0,0.25
1,0,0,0,0.25
1,0,1,0,0.25
1,1,1,0,0.25
1,2,3,0,0.25
1,1,2,0,0.25
1,4,3,0,0.25
1,3,2,0,0.25
1,6,1,-1,0.25
1,7,1,1,0.25
2,0,0,0,0.25
2,0,1,0,0.25
2,1,2,0,0.25
2,4,3,0,0.25
2,3,0,0,0.25
2,0,1,0,0.25
2,1,1,0,0.25
2,2,1,0,0.25
2,2,2,0,0.25
2,5,1,0,0.25
2,5,3,0,0.25
2,4,3,0,0.25
2,3,3,0,0.25
2,3,0,0,0.25
2,0,0,0,0.25
2,0,1,0,0.25
2,1,1,0,0.25
2,2,1,0,0.25
2,2,1,0,0.25
2,2,0,0,0.25
2,2,1,0,0.25
2,2,1,0,0.25
2,2,3,0,0.25
2,1,1,0,0.25
2,2,1,0,0.25
2,2,1,0,0.25
2,2,3,0,0.25
2,1,3,0,0.25
2,0,0,0,0.25
2,0,1,0,0.25
2,1,3,0,0.25
2,0,0,0,0.25
2,0,1,0,0.25
2,1,2,0,0.25
2,4,1,0,0.25
2,5,1,0,0.25
2,5,3,0,0.25
2,4,3,0,0.25
2,3,3,0,0.25
2,3,1,0,0.25
2,4,3,0,0.25
2,3,3,0,0.25
2,3,3,0,0.25
2,3,3,0,0.25
2,3,2,0,0.25
2,6,2,0,0.25
2,6,2,0,0.25
2,6,0,0,0.25
2,3,3,0,0.25
2,3,3,0,0.25
2,3,0,0,0.25
2,0,2,0,0.25
2,3,2,0,0.25
2,6,2,0,0.25
2,6,2,0,0.25
2,6,1,-1,0.25
2,7,2,-1,0.25
2,7,2,-1,0.25
2,7,2,-1,0.25
2,7,2,-1,0.25
2,7,0,0,0.25
2,4,2,-1,0.25
2,7,2,-1,0.25
2,7,0,0,0.25
2,4,3,0,0.25
2,3,3,0,0.25
2,3,3,0,0.25
2,3,0,0,0.25
2,0,3,0,0.25
2,0,2,0,0.25
2,3,3,0,0.25
2,3,0,0,0.25
2,0,1,0,0.25
2,1,2,0,0.25
2,4,1,0,0.25
2,5,2,1,0.25
3,0,3,0,0.25
3,0,2,0,0.25
3,3,0,0,0.25
3,0,1,0,0.25
3,1,1,0,0.25
3,2,2,0,0.25
3,5,3,0,0.25
3,4,3,0,0.25
3,3,1,0,0.25
3,4,3,0,0.25
3,3,2,0,0.25
3,6,0,0,0.25
3,3,2,0,0.25
3,6,0,0,0.25
3,3,2,0,0.25
3,6,3,0,0.25
3,6,2,0,0.25
3,6,1,-1,0.25
3,7,0,0,0.25
3,4,2,-1,0.25
3,7,3,0,0.25
3,6,0,0,0.25
3,3,3,0,0.25
3,3,0,0,0.25
3,0,2,0,0.25
3,3,1,0,0.25
3,4,2,-1,0.25
3,7,2,-1,0.25
3,7,3,0,0.25
3,6,1,-1,0.25
3,7,3,0,0.25
3,6,3,0,0.25
3,6,3,0,0.25
3,6,2,0,0.25
3,6,2,0,0.25
3,6,3,0,0.25
3,6,2,0,0.25
3,6,0,0,0.25
3,3,3,0,0.25
3,3,0,0,0.25
3,0,3,0,0.25
3,0,3,0,0.25
3,0,1,0,0.25
3,1,2,0,0.25
3,4,1,0,0.25
3,5,0,0,0.25
3,2,3,0,0.25
3,1,2,0,0.25
3,4,2,-1,0.25
3,7,1,1,0.25
4,0,1,0,0.25
4,1,1,0,0.25
4,2,0,0,0.25
4,2,1,0,0.25
4,2,0,0,0.25
4,2,2,0,0.25
4,5,2,1,0.25
5,0,1,0,0.25
5,1,2,0,0.25
5,4,3,0,0.25
5,3,3,0,0.25
5,3,3,0,0.25
5,3,0,0,0.25
5,0,2,0,0.25
5,3,2,0,0.25
5,6,1,-1,0.25
5,7,3,0,0.25
5,6,0,0,0.25
5,3,2,0,0.25
5,6,2,0,0.25
5,6,1,-1,0.25
5,7,0,0,0.25
5,4,3,0,0.25
5,3,1,0,0.25
5,4,0,0,0.25
5,1,3,0,0.25
5,0,3,0,0.25
5,0,1,0,0.25
5,1,1,0,0.25
5,2,1,0,0.25
5,2,1,0,0.25
5,2,3,0,0.25
5,1,3,0,0.25
5,0,0,0,0.25
5,0,0,0,0.25
5,0,3,0,0.25
5,0,1,0,0.25
5,1,0,0,0.25
5,1,3,0,0.25
5,0,1,0,0.25
5,1,2,0,0.25
5,4,2,-1,0.25
5,7,0,0,0.25
5,4,3,0,0.25
5,3,3,0,0.25
5,3,2,0,0.25
5,6,2,0,0.25
5,6,0,0,0.25
5,3,1,0,0.25
5,4,1,0,0.25
5,5,2,1,0.25
6,0,1,0,0.25
6,1,2,0,0.25
6,4,2,-1,0.25
6,7,0,0,0.25
6,4,3,0,0.25
6,3,1,0,0.25
6,4,1,0,0.25
6,5,0,0,0.25
6,2,3,0,0.25
6,1,2,0,0.25
6,4,2,-1,0.25
6,7,3,0,0.25
6,6,2,0,0.25
6,6,3,0,0.25
6,6,2,0,0.25
6,6,3,0,0.25
6,6,3,0,0.25
6,6,0,0,0.25
6,3,2,0,0.25
6,6,1,-1,0.25
6,7,3,0,0.25
6,6,0,0,0.25
6,3,1,0,0.25
6,4,1,0,0.25
6,5,1,0,0.25
6,5,3,0,0.25
6,4,3,0,0.25
6,3,3,0,0.25
6,3,0,0,0.25
6,0,3,0,0.25
6,0,2,0,0.25
6,3,2,0,0.25
6,6,0,0,0.25
6,3,0,0,0.25
6,0,1,0,0.25
6,1,1,0,0.25
6,2,1,0,0.25
6,2,2,0,0.25
6,5,2,1,0.25
7,0,1,0,0.25
7,1,0,0,0.25
7,1,2,0,0.25
7,4,0,0,0.25
7,1,3,0,0.25
7,0,0,0,0.25
7,0,2,0,0.25
7,3,2,0,0.25
7,6,2,0,0.25
7,6,0,0,0.25
7,3,1,0,0.25
7,4,2,-1,0.25
7,7,3,0,0.25
7,6,1,-1,0.25
7,7,0,0,0.25
7,4,2,-1,0.25
7,7,3,0,0.25
7,6,2,0,0.25
7,6,1,-1,0.25
7,7,0,0,0.25
7,4,1,0,0.25
7,5,3,0,0.25
7,4,1,0,0.25
7,5,0,0,0.25
7,2,1,0,0.25
7,2,0,0,0.25
7,2,0,0,0.25
7,2,3,0,0.25
7,1,3,0,0.25
7,0,2,0,0.25
7,3,2,0,0.25
7,6,1,-1,0.25
7,7,3,0,0.25
7,6,0,0,0.25
7,3,0,0,0.25
7,0,0,0,0.25
7,0,0,0,0.25
7,0,1,0,0.25
7,1,3,0,0.25
7,0,2,0,0.25
7,3,0,0,0.25
7,0,2,0,0.25
7,3,0,0,0.25
7,0,2,0,0.25
7,3,2,0,0.25
7,6,3,0,0.25
7,6,0,0,0.25
7,3,1,0,0.25
7,4,2,-1,0.25
7,7,0,0,0.25
7,4,3,0,0.25
7,3,3,0,0.25
7,3,0,0,0.25
7,0,3,0,0.25
7,0,3,0,0.25
7,0,3,0,0.25
7,0,2,0,0.25
7,3,2,0,0.25
7,6,3,0,0.25
7,6,0,0,0.25
7,3,0,0,0.25
7,0,1,0,0.25
7,1,0,0,0.25
7,1,3,0,0.25
7,0,2,0,0.25
7,3,1,0,0.25
7,4,2,-1,0.25
7,7,0,0,0.25
7,4,1,0,0.25
7,5,2,1,0.25
8,0,0,0,0.25
8,0,1,0,0.25
8,1,0,0,0.25
8,1,3,0,0.25
8,0,1,0,0.25
8,1,0,0,0.25
8,1,1,0,0.25
8,2,2,0,0.25
8,5,3,0,0.25
8,4,0,0,0.25
8,1,1,0,0.25
8,2,2,0,0.25
8,5,3,0,0.25
8,4,2,-1,0.25
8,7,2,-1,0.25
8,7,2,-1,0.25
8,7,3,0,0.25
8,6,3,0,0.25
8,6,3,0,0.25
8,6,2,0,0.25
8,6,2,0,0.25
8,6,2,0,0.25
8,6,1,-1,0.25
8,7,1,1,0.25
9,0,3,0,0.25
9,0,0,0,0.25
9,0,2,0,0.25
9,3,0,0,0.25
9,0,2,0,0.25
9,3,2,0,0.25
9,6,3,0,0.25
9,6,1,-1,0.25
9,7,0,0,0.25
9,4,0,0,0.25
9,1,2,0,0.25
9,4,0,0,0.25
9,1,2,0,0.25
9,4,3,0,0.25
9,3,2,0,0.25
9,6,3,0,0.25
9,6,3,0,0.25
9,6,3,0,0.25
9,6,1,-1,0.25
9,7,0,0,0.25
9,4,0,0,0.25
9,1,0,0,0.25
9,1,0,0,0.25
9,1,2,0,0.25
9,4,1,0,0.25
9,5,0,0,0.25
9,2,2,0,0.25
9,5,2,1,0.25
10,0,3,0,0.25
10,0,1,0,0.25
10,1,1,0,0.25
10,2,0,0,0.25
10,2,0,0,0.25
10,2,0,0,0.25
10,2,2,0,0.25
10,5,2,1,0.25
11,0,0,0,0.25
11,0,1,0,0.25
11,1,1,0,0.25
11,2,1,0,0.25
11,2,0,0,0.25
11,2,2,0,0.25
11,5,0,0,0.25
11,2,1,0,0.25
11,2,0,0,0.25
11,2,0,0,0.25
11,2,2,0,0.25
11,5,0,0,0.25
11,2,2,0,0.25
11,5,3,0,0.25
11,4,0,0,0.25
11,1,3,0,0.25
11,0,2,0,0.25
11,3,3,0,0.25
11,3,3,0,0.25
11,3,2,0,0.25
11,6,1,-1,0.25
11,7,2,-1,0.25
11,7,3,0,0.25
11,6,3,0,0.25
11,6,2,0,0.25
11,6,3,0,0.25
11,6,0,0,0.25
11,3,1,0,0.25
11,4,2,-1,0.25
11,7,3,0,0.25
11,6,3,0,0.25
11,6,0,0,0.25
11,3,3,0,0.25
11,3,3,0,0.25
11,3,0,0,0.25
11,0,2,0,0.25
11,3,0,0,0.25
11,0,1,0,0.25
11,1,3,0,0.25
11,0,1,0,0.25
11,1,1,0,0.25
11,2,3,0,0.25
11,1,1,0,0.25
11,2,1,0,0.25
11,2,2,0,0.25
11,5,3,0,0.25
11,4,3,0,0.25
11,3,2,0,0.25
11,6,2,0,0.25
11,6,2,0,0.25
11,6,3,0,0.25
11,6,3,0,0.25
11,6,0,0,0.25
11,3,2,0,0.25
11,6,0,0,0.25
11,3,2,0,0.25
11,6,0,0,0.25
11,3,3,0,0.25
11,3,2,0,0.25
11,6,0,0,0.25
11,3,0,0,0.25
11,0,2,0,0.25
11,3,3,0,0.25
11,3,3,0,0.25
11,3,1,0,0.25
11,4,1,0,0.25
11,5,3,0,0.25
11,4,3,0,0.25
11,3,0,0,0.25
11,0,3,0,0.25
11,0,3,0,0.25
11,0,3,0,0.25
11,0,2,0,0.25
11,3,0,0,0.25
11,0,0,0,0.25
11,0,1,0,0.25
11,1,2,0,0.25
11,4,1,0,0.25
11,5,1,0,0.25
11,5,3,0,0.25
11,4,0,0,0.25
11,1,3,0,0.25
11,0,3,0,0.25
11,0,2,0,0.25
11,3,3,0,0.25
11,3,0,0,0.25
11,0,0,0,0.25
11,0,3,0,0.25
11,0,2,0,0.25
11,3,3,0,0.25
11,3,2,0,0.25
11,6,0,0,0.25
11,3,1,0,0.25
11,4,0,0,0.25
11,1,0,0,0.25
11,1,3,0,0.25
11,0,0,0,0.25
11,0,0,0,0.25
11,0,2,0,0.25
11,3,1,0,0.25
12,0,3,0,0.25
12,0,3,0,0.25
12,0,2,0,0.25
12,3,0,0,0.25
12,0,3,0,0.25
12,0,0,0,0.25
12,0,3,0,0.25
12,0,0,0,0.25
12,0,2,0,0.25
12,3,0,0,0.25
12,0,0,0,0.25
12,0,3,0,0.25
12,0,2,0,0.25
12,3,1,0,0.25
12,4,3,0,0.25
12,3,2,0,0.25
12,6,1,-1,0.25
12,7,2,-1,0.25
12,7,2,-1,0.25
12,7,3,0,0.25
12,6,3,0,0.25
12,6,1,-1,0.25
12,7,1,1,0.25
13,0,3,0,0.25
13,0,2,0,0.25
13,3,3,0,0.25
13,3,2,0,0.25
13,6,3,0,0.25
13,6,1,-1,0.25
13,7,0,0,0.25
13,4,2,-1,0.25
13,7,1,1,0.25
14,0,2,0,0.25
14,3,0,0,0.25
14,0,2,0,0.25
14,3,3,0,0.25
14,3,1,0,0.25
14,4,2,-1,0.25
14,7,0,0,0.25
14,4,3,0,0.25
14,3,1,0,0.25
14,4,1,0,0.25
14,5,0,0,0.25
14,2,1,0,0.25
14,2,1,0,0.25
14,2,3,0,0.25
14,1,3,0,0.25
14,0,1,0,0.25
14,1,3,0,0.25
14,0,2,0,0.25
14,3,3,0,0.25
14,3,2,0,0.25
14,6,1,-1,0.25
14,7,0,0,0.25
14,4,0,0,0.25
14,1,1,0,0.25
14,2,2,0,0.25
14,5,3,0,0.25
14,4,1,0,0.25
14,5,3,0,0.25
14,4,0,0,0.25
14,1,1,0,0.25
14,2,2,0,0.25
14,5,1,0,0.25
14,5,1,0,0.25
14,5,2,1,0.25
15,0,3,0,0.25
15,0,3,0,0.25
15,0,1,0,0.25
15,1,1,0,0.25
15,2,1,0,0.25
15,2,2,0,0.25
15,5,0,0,0.25
15,2,0,0,0.25
15,2,1,0,0.25
15,2,1,0,0.25
15,2,2,0,0.25
15,5,2,1,0.25
16,0,1,0,0.25
16,1,3,0,0.25
16,0,0,0,0.25
16,0,2,0,0.25
16,3,3,0,0.25
16,3,3,0,0.25
16,3,3,0,0.25
16,3,1,0,0.25
16,4,2,-1,0.25
16,7,3,0,0.25
16,6,1,-1,0.25
16,7,2,-1,0.25
16,7,1,1,0.25
17,0,1,0,0.25
17,1,2,0,0.25
17,4,0,0,0.25
17,1,3,0,0.25
17,0,2,0,0.25
17,3,2,0,0.25
17,6,3,0,0.25
17,6,0,0,0.25
17,3,1,0,0.25
17,4,3,0,0.25
17,3,1,0,0.25
17,4,0,0,0.25
17,1,2,0,0.25
17,4,3,0,0.25
17,3,1,0,0.25
17,4,3,0,0.25
17,3,0,0,0.25
17,0,3,0,0.25
17,0,0,0,0.25
17,0,1,0,0.25
17,1,1,0,0.25
17,2,3,0,0.25
17,1,0,0,0.25
17,1,3,0,0.25
17,0,0,0,0.25
17,0,1,0,0.25
17,1,0,0,0.25
17,1,2,0,0.25
17,4,1,0,0.25
17,5,2,1,0.25
18,0,3,0,0.25
18,0,3,0,0.25
18,0,2,0,0.25
18,3,1,0,0.25
18,4,0,0,0.25
18,1,3,0,0.25
18,0,2,0,0.25
18,3,2,0,0.25
18,6,2,0,0.25
18,6,3,0,0.25
18,6,2,0,0.25
18,6,1,-1,0.25
18,7,0,0,0.25
18,4,2,-1,0.25
18,7,2,-1,0.25
18,7,1,1,0.25
19,0,3,0,0.25
19,0,3,0,0.25
19,0,1,0,0.25
19,1,0,0,0.25
19,1,2,0,0.25
19,4,3,0,0.25
19,3,2,0,0.25
19,6,1,-1,0.25
19,7,1,1,0.25
20,0,2,0,0.25
20,3,2,0,0.25
20,6,0,0,0.25
20,3,3,0,0.25
20,3,2,0,0.25
20,6,2,0,0.25
20,6,0,0,0.25
20,3,1,0,0.25
20,4,3,0,0.25
20,3,2,0,0.25
20,6,3,0,0.25
20,6,1,-1,0.25
20,7,3,0,0.25
20,6,1,-1,0.25
20,7,1,1,0.25
21,0,2,0,0.25
21,3,1,0,0.25
21,4,2,-1,0.25
21,7,2,-1,0.25
21,7,0,0,0.25
21,4,1,0,0.25
21,5,3,0,0.25
21,4,2,-1,0.25
21,7,2,-1,0.25
21,7,1,1,0.25
22,0,1,0,0.25
22,1,2,0,0.25
22,4,3,0,0.25
22,3,0,0,0.25
22,0,2,0,0.25
22,3,3,0,0.25
22,3,3,0,0.25
22,3,3,0,0.25
22,3,2,0,0.25
22,6,0,0,0.25
22,3,0,0,0.25
22,0,2,0,0.25
22,3,2,0,0.25
22,6,0,0,0.25
22,3,0,0,0.25
22,0,0,0,0.25
22,0,2,0,0.25
22,3,3,0,0.25
22,3,1,0,0.25
22,4,0,0,0.25
22,1,1,0,0.25
22,2,1,0,0.25
22,2,3,0,0.25
22,1,2,0,0.25
22,4,1,0,0.25
22,5,3,0,0.25
22,4,0,0,0.25
22,1,3,0,0.25
22,0,1,0,0.25
22,1,0,0,0.25
22,1,0,0,0.25
22,1,1,0,0.25
22,2,3,0,0.25
22,1,3,0,0.25
22,0,1,0,0.25
22,1,3,0,0.25
22,0,0,0,0.25
22,0,1,0,0.25
22,1,0,0,0.25
22,1,1,0,0.25
22,2,3,0,0.25
22,1,2,0,0.25
22,4,0,0,0.25
22,1,0,0,0.25
22,1,3,0,0.25
22,0,2,0,0.25
22,3,3,0,0.25
22,3,2,0,0.25
22,6,0,0,0.25
22,3,0,0,0.25
22,0,2,0,0.25
22,3,1,0,0.25
22,4,1,0,0.25
22,5,1,0,0.25
22,5,1,0,0.25
22,5,1,0,0.25
22,5,1,0,0.25
22,5,3,0,0.25
22,4,2,-1,0.25
22,7,0,0,0.25
22,4,3,0,0.25
22,3,0,0,0.25
22,0,0,0,0.25
22,0,1,0,0.25
22,1,1,0,0.25
22,2,0,0,0.25
22,2,1,0,0.25
22,2,2,0,0.25
22,5,1,0,0.25
22,5,0,0,0.25
22,2,0,0,0.25
22,2,3,0,0.25
22,1,3,0,0.25
22,0,1,0,0.25
22,1,0,0,0.25
22,1,2,0,0.25
22,4,1,0,0.25
22,5,0,0,0.25
22,2,0,0,0.25
22,2,0,0,0.25
22,2,3,0,0.25
22,1,1,0,0.25
22,2,1,0,0.25
22,2,1,0,0.25
22,2,2,0,0.25
22,5,2,1,0.25
23,0,0,0,0.25
23,0,3,0,0.25
23,0,0,0,0.25
23,0,1,0,0.25
23,1,3,0,0.25
23,0,0,0,0.25
23,0,3,0,0.25
23,0,0,0,0.25
23,0,3,0,0.25
23,0,0,0,0.25
23,0,2,0,0.25
23,3,2,0,0.25
23,6,1,-1,0.25
23,7,0,0,0.25
23,4,0,0,0.25
23,1,2,0,0.25
23,4,0,0,0.25
23,1,3,0,0.25
23,0,1,0,0.25
23,1,3,0,0.25
23,0,3,0,0.25
23,0,1,0,0.25
23,1,1,0,0.25
23,2,1,0,0.25
23,2,0,0,0.25
23,2,2,0,0.25
23,5,2,1,0.25
24,0,3,0,0.25
24,0,0,0,0.25
24,0,1,0,0.25
24,1,0,0,0.25
24,1,3,0,0.25
24,0,1,0,0.25
24,1,0,0,0.25
24,1,3,0,0.25
24,0,2,0,0.25
24,3,2,0,0.25
24,6,0,0,0.25
24,3,2,0,0.25
24,6,3,0,0.25
24,6,0,0,0.25
24,3,2,0,0.25
24,6,2,0,0.25
24,6,3,0,0.25
24,6,3,0,0.25
24,6,1,-1,0.25
24,7,0,0,0.25
24,4,1,0,0.25
24,5,3,0,0.25
24,4,2,-1,0.25
24,7,3,0,0.25
24,6,0,0,0.25
24,3,2,0,0.25
24,6,3,0,0.25
24,6,0,0,0.25
24,3,2,0,0.25
24,6,0,0,0.25
24,3,2,0,0.25
24,6,3,0,0.25
24,6,2,0,0.25
24,6,0,0,0.25
24,3,1,0,0.25
24,4,3,0,0.25
24,3,0,0,0.25
24,0,0,0,0.25
24,0,1,0,0.25
24,1,3,0,0.25
24,0,1,0,0.25
24,1,1,0,0.25
24,2,2,0,0.25
24,5,3,0,0.25
24,4,1,0,0.25
24,5,3,0,0.25
24,4,0,0,0.25
24,1,1,0,0.25
24,2,2,0,0.25
24,5,0,0,0.25
24,2,1,0,0.25
24,2,1,0,0.25
24,2,2,0,0.25
24,5,0,0,0.25
24,2,0,0,0.25
24,2,2,0,0.25
24,5,0,0,0.25
24,2,2,0,0.25
24,5,1,0,0.25
24,5,3,0,0.25
24,4,3,0,0.25
24,3,1,0,0.25
24,4,2,-1,0.25
24,7,2,-1,0.25
24,7,1,1,0.25
25,0,1,0,0.25
25,1,1,0,0.25
25,2,3,0,0.25
25,1,2,0,0.25
25,4,2,-1,0.25
25,7,3,0,0.25
25,6,0,0,0.25
25,3,1,0,0.25
25,4,1,0,0.25
25,5,1,0,0.25
25,5,0,0,0.25
25,2,3,0,0.25
25,1,0,0,0.25
25,1,3,0,0.25
25,0,2,0,0.25
25,3,0,0,0.25
25,0,2,0,0.25
25,3,1,0,0.25
25,4,1,0,0.25
25,5,0,0,0.25
25,2,2,0,0.25
25,5,2,1,0.25
26,0,3,0,0.25
26,0,0,0,0.25
26,0,1,0,0.25
26,1,1,0,0.25
26,2,2,0,0.25
26,5,1,0,0.25
26,5,1,0,0.25
26,5,0,0,0.25
26,2,3,0,0.25
26,1,2,0,0.25
26,4,3,0,0.25
26,3,1,0,0.25
26,4,2,-1,0.25
26,7,1,1,0.25
27,0,3,0,0.25
27,0,3,0,0.25
27,0,3,0,0.25
27,0,2,0,0.25
27,3,0,0,0.25
27,0,3,0,0.25
27,0,0,0,0.25
27,0,1,0,0.25
27,1,1,0,0.25
27,2,1,0,0.25
27,2,2,0,0.25
27,5,2,1,0.25
28,0,0,0,0.25
28,0,2,0,0.25
28,3,0,0,0.25
28,0,2,0,0.25
28,3,1,0,0.25
28,4,2,-1,0.25
28,7,1,1,0.25
29,0,0,0,0.25
29,0,3,0,0.25
29,0,2,0,0.25
29,3,3,0,0.25
29,3,2,0,0.25
29,6,3,0,0.25
29,6,1,-1,0.25
29,7,0,0,0.25
29,4,2,-1,0.25
29,7,0,0,0.25
29,4,1,0,0.25
29,5,2,1,0.25
30,0,3,0,0.25
30,0,3,0,0.25
30,0,1,0,0.25
30,1,3,0,0.25
30,0,0,0,0.25
30,0,2,0,0.25
30,3,3,0,0.25
30,3,0,0,0.25
30,0,0,0,0.25
30,0,0,0,0.25
30,0,1,0,0.25
30,1,0,0,0.25
30,1,3,0,0.25
30,0,1,0,0.25
30,1,1,0,0.25
30,2,2,0,0.25
30,5,1,0,0.25
30,5,3,0,0.25
30,4,3,0,0.25
30,3,2,0,0.25
30,6,2,0,0.25
30,6,3,0,0.25
30,6,0,0,0.25
30,3,2,0,0.25
30,6,0,0,0.25
30,3,0,0,0.25
30,0,3,0,0.25
30,0,3,0,0.25
30,0,3,0,0.25
30,0,1,0,0.25
30,1,0,0,0.25
30,1,1,0,0.25
30,2,0,0,0.25
30,2,3,0,0.25
30,1,1,0,0.25
30,2,0,0,0.25
30,2,3,0,0.25
30,1,1,0,0.25
30,2,2,0,0.25
30,5,3,0,0.25
30,4,1,0,0.25
30,5,0,0,0.25
30,2,0,0,0.25
30,2,1,0,0.25
30,2,1,0,0.25
30,2,1,0,0.25
30,2,1,0,0.25
30,2,3,0,0.25
30,1,3,0,0.25
30,0,0,0,0.25
30,0,1,0,0.25
30,1,3,0,0.25
30,0,3,0,0.25
30,0,3,0,0.25
30,0,2,0,0.25
30,3,3,0,0.25
30,3,3,0,0.25
30,3,2,0,0.25
30,6,0,0,0.25
30,3,0,0,0.25
30,0,2,0,0.25
30,3,0,0,0.25
30,0,3,0,0.25
30,0,3,0,0.25
30,0,0,0,0.25
30,0,3,0,0.25
30,0,0,0,0.25
30,0,2,0,0.25
30,3,3,0,0.25
30,3,1,0,0.25
30,4,0,0,0.25
30,1,3,0,0.25
30,0,2,0,0.25
30,3,1,0,0.25
30,4,0,0,0.25
30,1,2,0,0.25
30,4,0,0,0.25
30,1,1,0,0.25
30,2,2,0,0.25
30,5,2,1,0.25
31,0,3,0,0.25
31,0,1,0,0.25
31,1,3,0,0.25
31,0,0,0,0.25
31,0,1,0,0.25
31,1,1,0,0.25
31,2,0,0,0.25
31,2,2,0,0.25
31,5,2,1,0.25
32,0,2,0,0.25
32,3,0,0,0.25
32,0,0,0,0.25
32,0,3,0,0.25
32,0,0,0,0.25
32,0,1,0,0.25
32,1,2,0,0.25
32,4,3,0,0.25
32,3,2,0,0.25
32,6,0,0,0.25
32,3,0,0,0.25
32,0,1,0,0.25
32,1,0,0,0.25
32,1,0,0,0.25
32,1,0,0,0.25
32,1,0,0,0.25
32,1,1,0,0.25
32,2,0,0,0.25
32,2,1,0,0.25
32,2,2,0,0.25
32,5,0,0,0.25
32,2,1,0,0.25
32,2,0,0,0.25
32,2,2,0,0.25
32,5,3,0,0.25
32,4,3,0,0.25
32,3,3,0,0.25
32,3,3,0,0.25
32,3,2,0,0.25
32,6,2,0,0.25
32,6,2,0,0.25
32,6,2,0,0.25
32,6,1,-1,0.25
32,7,1,1,0.25
33,0,3,0,0.25
33,0,3,0,0.25
33,0,1,0,0.25
33,1,2,0,0.25
33,4,0,0,0.25
33,1,0,0,0.25
33,1,0,0,0.25
33,1,3,0,0.25
33,0,2,0,0.25
33,3,2,0,0.25
33,6,0,0,0.25
33,3,0,0,0.25
33,0,1,0,0.25
33,1,2,0,0.25
33,4,2,-1,0.25
33,7,2,-1,0.25
33,7,3,0,0.25
33,6,2,0,0.25
33,6,1,-1,0.25
33,7,0,0,0.25
33,4,1,0,0.25
33,5,1,0,0.25
33,5,2,1,0.25
34,0,3,0,0.25
34,0,3,0,0.25
34,0,3,0,0.25
34,0,2,0,0.25
34,3,1,0,0.25
34,4,2,-1,0.25
34,7,0,0,0.25
34,4,2,-1,0.25
34,7,3,0,0.25
34,6,0,0,0.25
34,3,3,0,0.25
34,3,0,0,0.25
34,0,3,0,0.25
34,0,2,0,0.25
34,3,1,0,0.25
34,4,1,0,0.25
34,5,3,0,0.25
34,4,0,0,0.25
34,1,0,0,0.25
34,1,0,0,0.25
34,1,1,0,0.25
34,2,0,0,0.25
34,2,3,0,0.25
34,1,0,0,0.25
34,1,0,0,0.25
34,1,2,0,0.25
34,4,1,0,0.25
34,5,0,0,0.25
34,2,1,0,0.25
34,2,2,0,0.25
34,5,3,0,0.25
34,4,3,0,0.25
34,3,2,0,0.25
34,6,2,0,0.25
34,6,3,0,0.25
34,6,0,0,0.25
34,3,2,0,0.25
34,6,2,0,0.25
34,6,1,-1,0.25
34,7,1,1,0.25
35,0,1,0,0.25
35,1,1,0,0.25
35,2,2,0,0.25
35,5,1,0,0.25
35,5,1,0,0.25
35,5,2,1,0.25
36,0,2,0,0.25
36,3,2,0,0.25
36,6,0,0,0.25
36,3,3,0,0.25
36,3,3,0,0.25
36,3,1,0,0.25
36,4,2,-1,0.25
36,7,0,0,0.25
36,4,3,0,0.25
36,3,1,0,0.25
36,4,3,0,0.25
36,3,1,0,0.25
36,4,3,0,0.25
36,3,2,0,0.25
36,6,0,0,0.25
36,3,0,0,0.25
36,0,2,0,0.25
36,3,2,0,0.25
36,6,0,0,0.25
36,3,2,0,0.25
36,6,3,0,0.25
36,6,3,0,0.25
36,6,2,0,0.25
36,6,3,0,0.25
36,6,3,0,0.25
36,6,1,-1,0.25
36,7,0,0,0.25
36,4,3,0,0.25
36,3,1,0,0.25
36,4,3,0,0.25
36,3,3,0,0.25
36,3,3,0,0.25
36,3,0,0,0.25
36,0,0,0,0.25
36,0,1,0,0.25
36,1,1,0,0.25
36,2,2,0,0.25
36,5,1,0,0.25
36,5,0,0,0.25
36,2,1,0,0.25
36,2,3,0,0.25
36,1,1,0,0.25
36,2,2,0,0.25
36,5,1,0,0.25
36,5,3,0,0.25
36,4,1,0,0.25
36,5,2,1,0.25
37,0,0,0,0.25
37,0,1,0,0.25
37,1,3,0,0.25
37,0,1,0,0.25
37,1,3,0,0.25
37,0,0,0,0.25
37,0,0,0,0.25
37,0,2,0,0.25
37,3,2,0,0.25
37,6,0,0,0.25
37,3,0,0,0.25
37,0,3,0,0.25
37,0,1,0,0.25
37,1,1,0,0.25
37,2,0,0,0.25
37,2,3,0,0.25
37,1,2,0,0.25
37,4,2,-1,0.25
37,7,2,-1,0.25
37,7,3,0,0.25
37,6,1,-1,0.25
37,7,1,1,0.25
38,0,3,0,0.25
38,0,2,0,0.25
38,3,3,0,0.25
38,3,3,0,0.25
38,3,3,0,0.25
38,3,3,0,0.25
38,3,3,0,0.25
38,3,3,0,0.25
38,3,3,0,0.25
38,3,3,0,0.25
38,3,2,0,0.25
38,6,3,0,0.25
38,6,0,0,0.25
38,3,3,0,0.25
38,3,2,0,0.25
38,6,0,0,0.25
38,3,2,0,0.25
38,6,2,0,0.25
38,6,0,0,0.25
38,3,1,0,0.25
38,4,0,0,0.25
38,1,0,0,0.25
38,1,1,0,0.25
38,2,3,0,0.25
38,1,3,0,0.25
38,0,1,0,0.25
38,1,1,0,0.25
38,2,1,0,0.25
38,2,3,0,0.25
38,1,0,0,0.25
38,1,2,0,0.25
38,4,2,-1,0.25
38,7,2,-1,0.25
38,7,1,1,0.25
39,0,1,0,0.25
39,1,0,0,0.25
39,1,2,0,0.25
39,4,1,0,0.25
39,5,2,1,0.25
40,0,1,0,0.25
40,1,3,0,0.25
40,0,3,0,0.25
40,0,0,0,0.25
40,0,1,0,0.25
40,1,1,0,0.25
40,2,1,0,0.25
40,2,0,0,0.25
40,2,0,0,0.25
40,2,0,0,0.25
40,2,2,0,0.25
40,5,2,1,0.25
41,0,2,0,0.25
41,3,1,0,0.25
41,4,2,-1,0.25
41,7,3,0,0.25
41,6,3,0,0.25
41,6,3,0,0.25
41,6,3,0,0.25
41,6,2,0,0.25
41,6,3,0,0.25
41,6,1,-1,0.25
41,7,3,0,0.25
41,6,1,-1,0.25
41,7,0,0,0.25
41,4,1,0,0.25
41,5,0,0,0.25
41,2,2,0,0.25
41,5,1,0,0.25
41,5,3,0,0.25
41,4,1,0,0.25
41,5,2,1,0.25
42,0,3,0,0.25
42,0,0,0,0.25
42,0,0,0,0.25
42,0,3,0,0.25
42,0,3,0,0.25
42,0,1,0,0.25
42,1,0,0,0.25
42,1,1,0,0.25
42,2,3,0,0.25
42,1,3,0,0.25
42,0,1,0,0.25
42,1,2,0,0.25
42,4,2,-1,0.25
42,7,1,1,0.25
43,0,1,0,0.25
43,1,3,0,0.25
43,0,1,0,0.25
43,1,1,0,0.25
43,2,3,0,0.25
43,1,0,0,0.25
43,1,2,0,0.25
43,4,3,0,0.25
43,3,3,0,0.25
43,3,1,0,0.25
43,4,3,0,0.25
43,3,0,0,0.25
43,0,0,0,0.25
43,0,1,0,0.25
43,1,1,0,0.25
43,2,0,0,0.25
43,2,2,0,0.25
43,5,0,0,0.25
43,2,2,0,0.25
43,5,0,0,0.25
43,2,0,0,0.25
43,2,3,0,0.25
43,1,0,0,0.25
43,1,0,0,0.25
43,1,3,0,0.25
43,0,3,0,0.25
43,0,3,0,0.25
43,0,0,0,0.25
43,0,3,0,0.25
43,0,2,0,0.25
43,3,1,0,0.25
43,4,2,-1,0.25
43,7,3,0,0.25
43,6,2,0,0.25
43,6,0,0,0.25
43,3,0,0,0.25
43,0,3,0,0.25
43,0,3,0,0.25
43,0,2,0,0.25
43,3,2,0,0.25
43,6,2,0,0.25
43,6,3,0,0.25
43,6,3,0,0.25
43,6,3,0,0.25
43,6,3,0,0.25
43,6,2,0,0.25
43,6,2,0,0.25
43,6,1,-1,0.25
43,7,3,0,0.25
43,6,0,0,0.25
43,3,1,0,0.25
43,4,0,0,0.25
43,1,2,0,0.25
43,4,3,0,0.25
43,3,1,0,0.25
43,4,1,0,0.25
43,5,0,0,0.25
43,2,1,0,0.25
43,2,3,0,0.25
43,1,0,0,0.25
43,1,0,0,0.25
43,1,3,0,0.25
43,0,3,0,0.25
43,0,3,0,0.25
43,0,2,0,0.25
43,3,1,0,0.25
43,4,0,0,0.25
43,1,2,0,0.25
43,4,3,0,0.25
43,3,0,0,0.25
43,0,1,0,0.25
43,1,2,0,0.25
43,4,2,-1,0.25
43,7,1,1,0.25
44,0,0,0,0.25
44,0,0,0,0.25
44,0,1,0,0.25
44,1,2,0,0.25
44,4,3,0,0.25
44,3,2,0,0.25
44,6,2,0,0.25
44,6,0,0,0.25
44,3,0,0,0.25
44,0,1,0,0.25
44,1,0,0,0.25
44,1,2,0,0.25
44,4,3,0,0.25
44,3,2,0,0.25
44,6,2,0,0.25
44,6,0,0,0.25
44,3,0,0,0.25
44,0,2,0,0.25
44,3,3,0,0.25
44,3,3,0,0.25
44,3,1,0,0.25
44,4,0,0,0.25
44,1,0,0,0.25
44,1,2,0,0.25
44,4,1,0,0.25
44,5,2,1,0.25
45,0,1,0,0.25
45,1,2,0,0.25
45,4,2,-1,0.25
45,7,0,0,0.25
45,4,0,0,0.25
45,1,1,0,0.25
45,2,2,0,0.25
45,5,2,1,0.25
46,0,0,0,0.25
46,0,1,0,0.25
46,1,1,0,0.25
46,2,3,0,0.25
46,1,2,0,0.25
46,4,3,0,0.25
46,3,1,0,0.25
46,4,2,-1,0.25
46,7,2,-1,0.25
46,7,2,-1,0.25
46,7,3,0,0.25
46,6,3,0,0.25
46,6,2,0,0.25
46,6,0,0,0.25
46,3,1,0,0.25
46,4,3,0,0.25
46,3,2,0,0.25
46,6,2,0,0.25
46,6,1,-1,0.25
46,7,1,1,0.25
47,0,1,0,0.25
47,1,0,0,0.25
47,1,1,0,0.25
47,2,3,0,0.25
47,1,2,0,0.25
47,4,3,0,0.25
47,3,1,0,0.25
47,4,3,0,0.25
47,3,1,0,0.25
47,4,3,0,0.25
47,3,2,0,0.25
47,6,2,0,0.25
47,6,0,0,0.25
47,3,0,0,0.25
47,0,1,0,0.25
47,1,1,0,0.25
47,2,3,0,0.25
47,1,1,0,0.25
47,2,0,0,0.25
47,2,1,0,0.25
47,2,1,0,0.25
47,2,2,0,0.25
47,5,0,0,0.25
47,2,2,0,0.25
47,5,1,0,0.25
47,5,2,1,0.25
48,0,1,0,0.25
48,1,2,0,0.25
48,4,2,-1,0.25
48,7,3,0,0.25
48,6,3,0,0.25
48,6,0,0,0.25
48,3,0,0,0.25
48,0,3,0,0.25
48,0,2,0,0.25
48,3,0,0,0.25
48,0,0,0,0.25
48,0,1,0,0.25
48,1,2,0,0.25
48,4,0,0,0.25
48,1,3,0,0.25
48,0,3,0,0.25
48,0,3,0,0.25
48,0,1,0,0.25
48,1,2,0,0.25
48,4,0,0,0.25
48,1,0,0,0.25
48,1,3,0,0.25
48,0,1,0,0.25
48,1,0,0,0.25
48,1,3,0,0.25
48,0,0,0,0.25
48,0,3,0,0.25
48,0,1,0,0.25
48,1,0,0,0.25
48,1,2,0,0.25
48,4,1,0,0.25
48,5,2,1,0.25
49,0,2,0,0.25
49,3,1,0,0.25
49,4,1,0,0.25
49,5,3,0,0.25
49,4,2,-1,0.25
49,7,2,-1,0.25
49,7,1,1,0.25
50,0,3,0,0.25
50,0,1,0,0.25
50,1,0,0,0.25
50,1,0,0,0.25
50,1,3,0,0.25
50,0,0,0,0.25
50,0,0,0,0.25
50,0,3,0,0.25
50,0,3,0,0.25
50,0,0,0,0.25
50,0,0,0,0.25
50,0,0,0,0.25
50,0,0,0,0.25
50,0,2,0,0.25
50,3,0,0,0.25
50,0,0,0,0.25
50,0,1,0,0.25
50,1,1,0,0.25
50,2,1,0,0.25
50,2,3,0,0.25
50,1,2,0,0.25
50,4,3,0,0.25
50,3,1,0,0.25
50,4,3,0,0.25
50,3,2,0,0.25
50,6,2,0,0.25
50,6,2,0,0.25
50,6,2,0,0.25
50,6,1,-1,0.25
50,7,2,-1,0.25
50,7,1,1,0.25
51,0,2,0,0.25
51,3,0,0,0.25
51,0,0,0,0.25
51,0,3,0,0.25
51,0,0,0,0.25
51,0,0,0,0.25
51,0,1,0,0.25
51,1,3,0,0.25
51,0,2,0,0.25
51,3,0,0,0.25
51,0,2,0,0.25
51,3,2,0,0.25
51,6,3,0,0.25
51,6,0,0,0.25
51,3,2,0,0.25
51,6,2,0,0.25
51,6,1,-1,0.25
51,7,2,-1,0.25
51,7,2,-1,0.25
51,7,1,1,0.25
52,0,2,0,0.25
52,3,3,0,0.25
52,3,1,0,0.25
52,4,1,0,0.25
52,5,2,1,0.25
53,0,2,0,0.25
53,3,2,0,0.25
53,6,3,0,0.25
53,6,1,-1,0.25
53,7,3,0,0.25
53,6,1,-1,0.25
53,7,3,0,0.25
53,6,0,0,0.25
53,3,0,0,0.25
53,0,1,0,0.25
53,1,1,0,0.25
53,2,0,0,0.25
53,2,0,0,0.25
53,2,0,0,0.25
53,2,1,0,0.25
53,2,0,0,0.25
53,2,2,0,0.25
53,5,1,0,0.25
53,5,3,0,0.25
53,4,1,0,0.25
53,5,2,1,0.25
54,0,0,0,0.25
54,0,1,0,0.25
54,1,0,0,0.25
54,1,0,0,0.25
54,1,2,0,0.25
54,4,3,0,0.25
54,3,1,0,0.25
54,4,3,0,0.25
54,3,0,0,0.25
54,0,0,0,0.25
54,0,1,0,0.25
54,1,0,0,0.25
54,1,1,0,0.25
54,2,0,0,0.25
54,2,1,0,0.25
54,2,2,0,0.25
54,5,2,1,0.25
55,0,1,0,0.25
55,1,2,0,0.25
55,4,3,0,0.25
55,3,0,0,0.25
55,0,3,0,0.25
55,0,2,0,0.25
55,3,2,0,0.25
55,6,3,0,0.25
55,6,0,0,0.25
55,3,2,0,0.25
55,6,0,0,0.25
55,3,1,0,0.25
55,4,3,0,0.25
55,3,1,0,0.25
55,4,1,0,0.25
55,5,1,0,0.25
55,5,1,0,0.25
55,5,1,0,0.25
55,5,0,0,0.25
55,2,3,0,0.25
55,1,0,0,0.25
55,1,3,0,0.25
55,0,0,0,0.25
55,0,1,0,0.25
55,1,2,0,0.25
55,4,3,0,0.25
55,3,0,0,0.25
55,0,3,0,0.25
55,0,1,0,0.25
55,1,2,0,0.25
55,4,0,0,0.25
55,1,2,0,0.25
55,4,3,0,0.25
55,3,0,0,0.25
55,0,0,0,0.25
55,0,2,0,0.25
55,3,3,0,0.25
55,3,0,0,0.25
55,0,3,0,0.25
55,0,2,0,0.25
55,3,1,0,0.25
55,4,0,0,0.25
55,1,0,0,0.25
55,1,1,0,0.25
55,2,0,0,0.25
55,2,0,0,0.25
55,2,2,0,0.25
55,5,0,0,0.25
55,2,0,0,0.25
55,2,0,0,0.25
55,2,2,0,0.25
55,5,2,1,0.25
56,0,0,0,0.25
56,0,1,0,0.25
56,1,3,0,0.25
56,0,3,0,0.25
56,0,0,0,0.25
56,0,1,0,0.25
56,1,1,0,0.25
56,2,3,0,0.25
56,1,1,0,0.25
56,2,3,0,0.25
56,1,3,0,0.25
56,0,3,0,0.25
56,0,1,0,0.25
56,1,2,0,0.25
56,4,3,0,0.25
56,3,1,0,0.25
56,4,3,0,0.25
56,3,1,0,0.25
56,4,0,0,0.25
56,1,1,0,0.25
56,2,2,0,0.25
56,5,3,0,0.25
56,4,1,0,0.25
56,5,1,0,0.25
56,5,3,0,0.25
56,4,0,0,0.25
56,1,1,0,0.25
56,2,2,0,0.25
56,5,2,1,0.25
57,0,0,0,0.25
57,0,1,0,0.25
57,1,3,0,0.25
57,0,2,0,0.25
57,3,1,0,0.25
57,4,3,0,0.25
57,3,2,0,0.25
57,6,0,0,0.25
57,3,1,0,0.25
57,4,0,0,0.25
57,1,1,0,0.25
57,2,1,0,0.25
57,2,0,0,0.25
57,2,3,0,0.25
57,1,1,0,0.25
57,2,1,0,0.25
57,2,3,0,0.25
57,1,0,0,0.25
57,1,3,0,0.25
57,0,2,0,0.25
57,3,2,0,0.25
57,6,1,-1,0.25
57,7,3,0,0.25
57,6,2,0,0.25
57,6,0,0,0.25
57,3,3,0,0.25
57,3,2,0,0.25
57,6,2,0,0.25
57,6,1,-1,0.25
57,7,3,0,0.25
57,6,1,-1,0.25
57,7,1,1,0.25
58,0,1,0,0.25
58,1,2,0,0.25
58,4,0,0,0.25
58,1,3,0,0.25
58,0,0,0,0.25
58,0,1,0,0.25
58,1,3,0,0.25
58,0,2,0,0.25
58,3,3,0,0.25
58,3,2,0,0.25
58,6,0,0,0.25
58,3,2,0,0.25
58,6,3,0,0.25
58,6,2,0,0.25
58,6,1,-1,0.25
58,7,1,1,0.25
59,0,1,0,0.25
59,1,1,0,0.25
59,2,0,0,0.25
59,2,0,0,0.25
59,2,0,0,0.25
59,2,3,0,0.25
59,1,1,0,0.25
59,2,2,0,0.25
59,5,0,0,0.25
59,2,3,0,0.25
59,1,2,0,0.25
59,4,2,-1,0.25
59,7,2,-1,0.25
59,7,2,-1,0.25
59,7,1,1,0.25
60,0,2,0,0.25
60,3,3,0,0.25
60,3,1,0,0.25
60,4,3,0,0.25
60,3,3,0,0.25
60,3,0,0,0.25
60,0,2,0,0.25
60,3,0,0,0.25
60,0,2,0,0.25
60,3,1,0,0.25
60,4,0,0,0.25
60,1,0,0,0.25
60,1,2,0,0.25
60,4,2,-1,0.25
60,7,2,-1,0.25
60,7,2,-1,0.25
60,7,1,1,0.25
61,0,0,0,0.25
61,0,2,0,0.25
61,3,3,0,0.25
61,3,3,0,0.25
61,3,3,0,0.25
61,3,3,0,0.25
61,3,2,0,0.25
61,6,0,0,0.25
61,3,0,0,0.25
61,0,3,0,0.25
61,0,3,0,0.25
61,0,3,0,0.25
61,0,0,0,0.25
61,0,2,0,0.25
61,3,0,0,0.25
61,0,1,0,0.25
61,1,1,0,0.25
61,2,1,0,0.25
61,2,0,0,0.25
61,2,3,0,0.25
61,1,0,0,0.25
61,1,3,0,0.25
61,0,1,0,0.25
61,1,0,0,0.25
61,1,3,0,0.25
61,0,2,0,0.25
61,3,1,0,0.25
61,4,1,0,0.25
61,5,1,0,0.25
61,5,2,1,0.25
62,0,3,0,0.25
62,0,1,0,0.25
62,1,3,0,0.25
62,0,2,0,0.25
62,3,3,0,0.25
62,3,1,0,0.25
62,4,2,-1,0.25
62,7,2,-1,0.25
62,7,3,0,0.25
62,6,2,0,0.25
62,6,2,0,0.25
62,6,0,0,0.25
62,3,2,0,0.25
62,6,0,0,0.25
62,3,3,0,0.25
62,3,2,0,0.25
62,6,3,0,0.25
62,6,2,0,0.25
62,6,1,-1,0.25
62,7,3,0,0.25
62,6,2,0,0.25
62,6,2,0,0.25
62,6,1,-1,0.25
62,7,1,1,0.25
63,0,0,0,0.25
63,0,0,0,0.25
63,0,2,0,0.25
63,3,1,0,0.25
63,4,2,-1,0.25
63,7,1,1,0.25
64,0,1,0,0.25
64,1,0,0,0.25
64,1,2,0,0.25
64,4,1,0,0.25
64,5,0,0,0.25
64,2,2,0,0.25
64,5,3,0,0.25
64,4,2,-1,0.25
64,7,2,-1,0.25
64,7,2,-1,0.25
64,7,0,0,0.25
64,4,3,0,0.25
64,3,0,0,0.25
64,0,2,0,0.25
64,3,2,0,0.25
64,6,0,0,0.25
64,3,2,0,0.25
64,6,2,0,0.25
64,6,0,0,0.25
64,3,0,0,0.25
64,0,3,0,0.25
64,0,1,0,0.25
64,1,3,0,0.25
64,0,3,0,0.25
64,0,1,0,0.25
64,1,0,0,0.25
64,1,3,0,0.25
64,0,1,0,0.25
64,1,0,0,0.25
64,1,1,0,0.25
64,2,2,0,0.25
64,5,0,0,0.25
64,2,1,0,0.25
64,2,0,0,0.25
64,2,0,0,0.25
64,2,0,0,0.25
64,2,1,0,0.25
64,2,0,0,0.25
64,2,2,0,0.25
64,5,1,0,0.25
64,5,1,0,0.25
64,5,1,0,0.25
64,5,2,1,0.25
65,0,3,0,0.25
65,0,3,0,0.25
65,0,3,0,0.25
65,0,2,0,0.25
65,3,3,0,0.25
65,3,1,0,0.25
65,4,2,-1,0.25
65,7,3,0,0.25
65,6,3,0,0.25
65,6,2,0,0.25
65,6,0,0,0.25
65,3,3,0,0.25
65,3,2,0,0.25
65,6,3,0,0.25
65,6,3,0,0.25
65,6,2,0,0.25
65,6,1,-1,0.25
65,7,3,0,0.25
65,6,3,0,0.25
65,6,1,-1,0.25
65,7,1,1,0.25
66,0,1,0,0.25
66,1,2,0,0.25
66,4,3,0,0.25
66,3,0,0,0.25
66,0,2,0,0.25
66,3,1,0,0.25
66,4,3,0,0.25
66,3,1,0,0.25
66,4,3,0,0.25
66,3,3,0,0.25
66,3,3,0,0.25
66,3,3,0,0.25
66,3,3,0,0.25
66,3,0,0,0.25
66,0,1,0,0.25
66,1,3,0,0.25
66,0,3,0,0.25
66,0,2,0,0.25
66,3,0,0,0.25
66,0,0,0,0.25
66,0,0,0,0.25
66,0,1,0,0.25
66,1,3,0,0.25
66,0,0,0,0.25
66,0,3,0,0.25
66,0,1,0,0.25
66,1,1,0,0.25
66,2,1,0,0.25
66,2,3,0,0.25
66,1,1,0,0.25
66,2,3,0,0.25
66,1,1,0,0.25
66,2,3,0,0.25
66,1,3,0,0.25
66,0,3,0,0.25
66,0,3,0,0.25
66,0,1,0,0.25
66,1,1,0,0.25
66,2,3,0,0.25
66,1,1,0,0.25
66,2,0,0,0.25
66,2,1,0,0.25
66,2,3,0,0.25
66,1,3,0,0.25
66,0,2,0,0.25
66,3,1,0,0.25
66,4,3,0,0.25
66,3,1,0,0.25
66,4,0,0,0.25
66,1,1,0,0.25
66,2,0,0,0.25
66,2,1,0,0.25
66,2,2,0,0.25
66,5,1,0,0.25
66,5,3,0,0.25
66,4,1,0,0.25
66,5,1,0,0.25
66,5,1,0,0.25
66,5,2,1,0.25
67,0,2,0,0.25
67,3,2,0,0.25
67,6,2,0,0.25
67,6,3,0,0.25
67,6,2,0,0.25
67,6,0,0,0.25
67,3,0,0,0.25
67,0,3,0,0.25
67,0,3,0,0.25
67,0,3,0,0.25
67,0,3,0,0.25
67,0,3,0,0.25
67,0,1,0,0.25
67,1,2,0,0.25
67,4,2,-1,0.25
67,7,3,0,0.25
67,6,2,0,0.25
67,6,1,-1,0.25
67,7,3,0,0.25
67,6,0,0,0.25
67,3,2,0,0.25
67,6,2,0,0.25
67,6,0,0,0.25
67,3,3,0,0.25
67,3,2,0,0.25
67,6,3,0,0.25
67,6,1,-1,0.25
67,7,3,0,0.25
67,6,2,0,0.25
67,6,3,0,0.25
67,6,2,0,0.25
67,6,2,0,0.25
67,6,3,0,0.25
67,6,3,0,0.25
67,6,2,0,0.25
67,6,2,0,0.25
67,6,2,0,0.25
67,6,2,0,0.25
67,6,3,0,0.25
67,6,2,0,0.25
67,6,2,0,0.25
67,6,3,0,0.25
67,6,2,0,0.25
67,6,3,0,0.25
67,6,1,-1,0.25
67,7,3,0,0.25
67,6,2,0,0.25
67,6,3,0,0.25
67,6,1,-1,0.25
67,7,3,0,0.25
67,6,3,0,0.25
67,6,0,0,0.25
67,3,1,0,0.25
67,4,0,0,0.25
67,1,2,0,0.25
67,4,2,-1,0.25
67,7,2,-1,0.25
67,7,0,0,0.25
67,4,1,0,0.25
67,5,1,0,0.25
67,5,1,0,0.25
67,5,3,0,0.25
67,4,2,-1,0.25
67,7,0,0,0.25
67,4,2,-1,0.25
67,7,3,0,0.25
67,6,1,-1,0.25
67,7,0,0,0.25
67,4,1,0,0.25
67,5,2,1,0.25
68,0,3,0,0.25
68,0,2,0,0.25
68,3,2,0,0.25
68,6,0,0,0.25
68,3,1,0,0.25
68,4,2,-1,0.25
68,7,2,-1,0.25
68,7,2,-1,0.25
68,7,3,0,0.25
68,6,0,0,0.25
68,3,2,0,0.25
68,6,0,0,0.25
68,3,0,0,0.25
68,0,2,0,0.25
68,3,0,0,0.25
68,0,3,0,0.25
68,0,1,0,0.25
68,1,2,0,0.25
68,4,3,0,0.25
68,3,2,0,0.25
68,6,1,-1,0.25
68,7,0,0,0.25
68,4,0,0,0.25
68,1,0,0,0.25
68,1,1,0,0.25
68,2,0,0,0.25
68,2,3,0,0.25
68,1,2,0,0.25
68,4,2,-1,0.25
68,7,2,-1,0.25
68,7,1,1,0.25
69,0,0,0,0.25
69,0,2,0,0.25
69,3,0,0,0.25
69,0,0,0,0.25
69,0,2,0,0.25
69,3,0,0,0.25
69,0,1,0,0.25
69,1,2,0,0.25
69,4,0,0,0.25
69,1,2,0,0.25
69,4,2,-1,0.25
69,7,2,-1,0.25
69,7,0,0,0.25
69,4,0,0,0.25
69,1,3,0,0.25
69,0,2,0,0.25
69,3,2,0,0.25
69,6,3,0,0.25
69,6,2,0,0.25
69,6,3,0,0.25
69,6,2,0,0.25
69,6,0,0,0.25
69,3,3,0,0.25
69,3,1,0,0.25
69,4,0,0,0.25
69,1,0,0,0.25
69,1,3,0,0.25
69,0,2,0,0.25
69,3,3,0,0.25
69,3,2,0,0.25
69,6,1,-1,0.25
69,7,3,0,0.25
69,6,2,0,0.25
69,6,0,0,0.25
69,3,2,0,0.25
69,6,2,0,0.25
69,6,0,0,0.25
69,3,1,0,0.25
69,4,2,-1,0.25
69,7,2,-1,0.25
69,7,1,1,0.25
70,0,1,0,0.25
70,1,0,0,0.25
70,1,0,0,0.25
70,1,2,0,0.25
70,4,0,0,0.25
70,1,1,0,0.25
70,2,3,0,0.25
70,1,1,0,0.25
70,2,1,0,0.25
70,2,2,0,0.25
70,5,3,0,0.25
70,4,0,0,0.25
70,1,2,0,0.25
70,4,1,0,0.25
70,5,2,1,0.25
71,0,1,0,0.25
71,1,3,0,0.25
71,0,1,0,0.25
71,1,1,0,0.25
71,2,2,0,0.25
71,5,2,1,0.25
72,0,3,0,0.25
72,0,3,0,0.25
72,0,2,0,0.25
72,3,3,0,0.25
72,3,0,0,0.25
72,0,1,0,0.25
72,1,3,0,0.25
72,0,3,0,0.25
72,0,0,0,0.25
72,0,1,0,0.25
72,1,0,0,0.25
72,1,3,0,0.25
72,0,3,0,0.25
72,0,3,0,0.25
72,0,1,0,0.25
72,1,0,0,0.25
72,1,3,0,0.25
72,0,1,0,0.25
72,1,0,0,0.25
72,1,2,0,0.25
72,4,1,0,0.25
72,5,2,1,0.25
73,0,2,0,0.25
73,3,3,0,0.25
73,3,0,0,0.25
73,0,1,0,0.25
73,1,3,0,0.25
73,0,0,0,0.25
73,0,2,0,0.25
73,3,0,0,0.25
73,0,0,0,0.25
73,0,1,0,0.25
73,1,0,0,0.25
73,1,1,0,0.25
73,2,0,0,0.25
73,2,3,0,0.25
73,1,3,0,0.25
73,0,0,0,0.25
73,0,3,0,0.25
73,0,3,0,0.25
73,0,1,0,0.25
73,1,1,0,0.25
73,2,2,0,0.25
73,5,1,0,0.25
73,5,0,0,0.25
73,2,0,0,0.25
73,2,3,0,0.25
73,1,1,0,0.25
73,2,2,0,0.25
73,5,3,0,0.25
73,4,0,0,0.25
73,1,2,0,0.25
73,4,2,-1,0.25
73,7,0,0,0.25
73,4,2,-1,0.25
73,7,3,0,0.25
73,6,0,0,0.25
73,3,1,0,0.25
73,4,0,0,0.25
73,1,1,0,0.25
73,2,0,0,0.25
73,2,1,0,0.25
73,2,0,0,0.25
73,2,3,0,0.25
73,1,1,0,0.25
73,2,0,0,0.25
73,2,1,0,0.25
73,2,2,0,0.25
73,5,1,0,0.25
73,5,3,0,0.25
73,4,0,0,0.25
73,1,3,0,0.25
73,0,0,0,0.25
73,0,2,0,0.25
73,3,1,0,0.25
73,4,0,0,0.25
73,1,1,0,0.25
73,2,1,0,0.25
73,2,2,0,0.25
73,5,2,1,0.25
74,0,2,0,0.25
74,3,3,0,0.25
74,3,2,0,0.25
74,6,0,0,0.25
74,3,0,0,0.25
74,0,0,0,0.25
74,0,1,0,0.25
74,1,2,0,0.25
74,4,0,0,0.25
74,1,0,0,0.25
74,1,1,0,0.25
74,2,0,0,0.25
74,2,1,0,0.25
74,2,0,0,0.25
74,2,3,0,0.25
74,1,2,0,0.25
74,4,3,0,0.25
74,3,2,0,0.25
74,6,2,0,0.25
74,6,1,-1,0.25
74,7,2,-1,0.25
74,7,0,0,0.25
74,4,3,0,0.25
74,3,3,0,0.25
74,3,3,0,0.25
74,3,1,0,0.25
74,4,0,0,0.25
74,1,0,0,0.25
74,1,0,0,0.25
74,1,0,0,0.25
74,1,1,0,0.25
74,2,0,0,0.25
74,2,3,0,0.25
74,1,1,0,0.25
74,2,2,0,0.25
74,5,3,0,0.25
74,4,3,0,0.25
74,3,0,0,0.25
74,0,1,0,0.25
74,1,3,0,0.25
74,0,2,0,0.25
74,3,3,0,0.25
74,3,1,0,0.25
74,4,2,-1,0.25
74,7,0,0,0.25
74,4,1,0,0.25
74,5,1,0,0.25
74,5,1,0,0.25
74,5,3,0,0.25
74,4,3,0,0.25
74,3,2,0,0.25
74,6,2,0,0.25
74,6,1,-1,0.25
74,7,0,0,0.25
74,4,2,-1,0.25
74,7,0,0,0.25
74,4,2,-1,0.25
74,7,1,1,0.25
75,0,2,0,0.25
75,3,2,0,0.25
75,6,0,0,0.25
75,3,0,0,0.25
75,0,2,0,0.25
75,3,3,0,0.25
75,3,3,0,0.25
75,3,0,0,0.25
75,0,3,0,0.25
75,0,2,0,0.25
75,3,3,0,0.25
75,3,2,0,0.25
75,6,3,0,0.25
75,6,0,0,0.25
75,3,2,0,0.25
75,6,0,0,0.25
75,3,0,0,0.25
75,0,0,0,0.25
75,0,2,0,0.25
75,3,2,0,0.25
75,6,3,0,0.25
75,6,0,0,0.25
75,3,1,0,0.25
75,4,2,-1,0.25
75,7,2,-1,0.25
75,7,0,0,0.25
75,4,2,-1,0.25
75,7,1,1,0.25
76,0,0,0,0.25
76,0,3,0,0.25
76,0,3,0,0.25
76,0,1,0,0.25
76,1,3,0,0.25
76,0,2,0,0.25
76,3,2,0,0.25
76,6,0,0,0.25
76,3,3,0,0.25
76,3,2,0,0.25
76,6,3,0,0.25
76,6,3,0,0.25
76,6,2,0,0.25
76,6,2,0,0.25
76,6,0,0,0.25
76,3,0,0,0.25
76,0,2,0,0.25
76,3,3,0,0.25
76,3,3,0,0.25
76,3,1,0,0.25
76,4,1,0,0.25
76,5,2,1,0.25
77,0,1,0,0.25
77,1,3,0,0.25
77,0,2,0,0.25
77,3,1,0,0.25
77,4,1,0,0.25
77,5,0,0,0.25
77,2,0,0,0.25
77,2,3,0,0.25
77,1,0,0,0.25
77,1,1,0,0.25
77,2,0,0,0.25
77,2,2,0,0.25
77,5,0,0,0.25
77,2,3,0,0.25
77,1,0,0,0.25
77,1,0,0,0.25
77,1,1,0,0.25
77,2,1,0,0.25
77,2,0,0,0.25
77,2,0,0,0.25
77,2,2,0,0.25
77,5,2,1,0.25
78,0,3,0,0.25
78,0,0,0,0.25
78,0,0,0,0.25
78,0,0,0,0.25
78,0,1,0,0.25
78,1,1,0,0.25
78,2,0,0,0.25
78,2,0,0,0.25
78,2,3,0,0.25
78,1,1,0,0.25
78,2,0,0,0.25
78,2,1,0,0.25
78,2,2,0,0.25
78,5,0,0,0.25
78,2,1,0,0.25
78,2,0,0,0.25
78,2,1,0,0.25
78,2,3,0,0.25
78,1,2,0,0.25
78,4,1,0,0.25
78,5,0,0,0.25
78,2,0,0,0.25
78,2,3,0,0.25
78,1,2,0,0.25
78,4,2,-1,0.25
78,7,0,0,0.25
78,4,0,0,0.25
78,1,3,0,0.25
78,0,3,0,0.25
78,0,2,0,0.25
78,3,3,0,0.25
78,3,2,0,0.25
78,6,2,0,0.25
78,6,3,0,0.25
78,6,1,-1,0.25
78,7,2,-1,0.25
78,7,1,1,0.25
79,0,3,0,0.25
79,0,3,0,0.25
79,0,0,0,0.25
79,0,1,0,0.25
79,1,0,0,0.25
79,1,3,0,0.25
79,0,2,0,0.25
79,3,1,0,0.25
79,4,0,0,0.25
79,1,1,0,0.25
79,2,3,0,0.25
79,1,1,0,0.25
79,2,1,0,0.25
79,2,2,0,0.25
79,5,1,0,0.25
79,5,0,0,0.25
79,2,3,0,0.25
79,1,3,0,0.25
79,0,3,0,0.25
79,0,2,0,0.25
79,3,2,0,0.25
79,6,0,0,0.25
79,3,3,0,0.25
79,3,0,0,0.25
79,0,0,0,0.25
79,0,2,0,0.25
79,3,2,0,0.25
79,6,2,0,0.25
79,6,2,0,0.25
79,6,0,0,0.25
79,3,3,0,0.25
79,3,0,0,0.25
79,0,0,0,0.25
79,0,0,0,0.25
79,0,2,0,0.25
79,3,1,0,0.25
79,4,0,0,0.25
79,1,2,0,0.25
79,4,2,-1,0.25
79,7,3,0,0.25
79,6,1,-1,0.25
79,7,3,0,0.25
79,6,3,0,0.25
79,6,0,0,0.25
79,3,2,0,0.25
79,6,2,0,0.25
79,6,3,0,0.25
79,6,3,0,0.25
79,6,0,0,0.25
79,3,1,0,0.25
79,4,3,0,0.25
79,3,2,0,0.25
79,6,0,0,0.25
79,3,0,0,0.25
79,0,3,0,0.25
79,0,3,0,0.25
79,0,1,0,0.25
79,1,3,0,0.25
79,0,2,0,0.25
79,3,1,0,0.25
79,4,3,0,0.25
79,3,3,0,0.25
79,3,1,0,0.25
79,4,2,-1,0.25
79,7,1,1,0.25
80,0,1,0,0.25
80,1,3,0,0.25
80,0,2,0,0.25
80,3,2,0,0.25
80,6,2,0,0.25
80,6,0,0,0.25
80,3,0,0,0.25
80,0,0,0,0.25
80,0,2,0,0.25
80,3,0,0,0.25
80,0,2,0,0.25
80,3,2,0,0.25
80,6,3,0,0.25
80,6,1,-1,0.25
80,7,0,0,0.25
80,4,1,0,0.25
80,5,1,0,0.25
80,5,3,0,0.25
80,4,1,0,0.25
80,5,3,0,0.25
80,4,0,0,0.25
80,1,1,0,0.25
80,2,1,0,0.25
80,2,1,0,0.25
80,2,1,0,0.25
80,2,2,0,0.25
80,5,0,0,0.25
80,2,1,0,0.25
80,2,1,0,0.25
80,2,1,0,0.25
80,2,0,0,0.25
80,2,1,0,0.25
80,2,1,0,0.25
80,2,2,0,0.25
80,5,1,0,0.25
80,5,2,1,0.25
81,0,2,0,0.25
81,3,3,0,0.25
81,3,0,0,0.25
81,0,3,0,0.25
81,0,3,0,0.25
81,0,2,0,0.25
81,3,2,0,0.25
81,6,1,-1,0.25
81,7,0,0,0.25
81,4,3,0,0.25
81,3,1,0,0.25
81,4,3,0,0.25
81,3,2,0,0.25
81,6,2,0,0.25
81,6,1,-1,0.25
81,7,1,1,0.25
82,0,0,0,0.25
82,0,0,0,0.25
82,0,0,0,0.25
82,0,1,0,0.25
82,1,2,0,0.25
82,4,2,-1,0.25
82,7,2,-1,0.25
82,7,2,-1,0.25
82,7,1,1,0.25
83,0,0,0,0.25
83,0,2,0,0.25
83,3,1,0,0.25
83,4,3,0,0.25
83,3,0,0,0.25
83,0,1,0,0.25
83,1,3,0,0.25
83,0,0,0,0.25
83,0,1,0,0.25
83,1,1,0,0.25
83,2,1,0,0.25
83,2,3,0,0.25
83,1,3,0,0.25
83,0,1,0,0.25
83,1,1,0,0.25
83,2,3,0,0.25
83,1,2,0,0.25
83,4,2,-1,0.25
83,7,1,1,0.25
84,0,3,0,0.25
84,0,1,0,0.25
84,1,1,0,0.25
84,2,1,0,0.25
84,2,2,0,0.25
84,5,2,1,0.25
85,0,3,0,0.25
85,0,2,0,0.25
85,3,2,0,0.25
85,6,1,-1,0.25
85,7,2,-1,0.25
85,7,2,-1,0.25
85,7,0,0,0.25
85,4,1,0,0.25
85,5,2,1,0.25
86,0,0,0,0.25
86,0,3,0,0.25
86,0,3,0,0.25
86,0,0,0,0.25
86,0,2,0,0.25
86,3,3,0,0.25
86,3,0,0,0.25
86,0,1,0,0.25
86,1,0,0,0.25
86,1,3,0,0.25
86,0,2,0,0.25
86,3,1,0,0.25
86,4,3,0,0.25
86,3,2,0,0.25
86,6,2,0,0.25
86,6,1,-1,0.25
86,7,2,-1,0.25
86,7,0,0,0.25
86,4,0,0,0.25
86,1,0,0,0.25
86,1,2,0,0.25
86,4,0,0,0.25
86,1,0,0,0.25
86,1,0,0,0.25
86,1,1,0,0.25
86,2,3,0,0.25
86,1,3,0,0.25
86,0,3,0,0.25
86,0,0,0,0.25
86,0,3,0,0.25
86,0,2,0,0.25
86,3,2,0,0.25
86,6,3,0,0.25
86,6,2,0,0.25
86,6,2,0,0.25
86,6,2,0,0.25
86,6,1,-1,0.25
86,7,2,-1,0.25
86,7,3,0,0.25
86,6,1,-1,0.25
86,7,3,0,0.25
86,6,1,-1,0.25
86,7,1,1,0.25
87,0,0,0,0.25
87,0,0,0,0.25
87,0,2,0,0.25
87,3,2,0,0.25
87,6,2,0,0.25
87,6,3,0,0.25
87,6,1,-1,0.25
87,7,1,1,0.25
88,0,2,0,0.25
88,3,2,0,0.25
88,6,0,0,0.25
88,3,0,0,0.25
88,0,1,0,0.25
88,1,1,0,0.25
88,2,3,0,0.25
88,1,2,0,0.25
88,4,3,0,0.25
88,3,0,0,0.25
88,0,1,0,0.25
88,1,1,0,0.25
88,2,3,0,0.25
88,1,0,0,0.25
88,1,3,0,0.25
88,0,1,0,0.25
88,1,2,0,0.25
88,4,3,0,0.25
88,3,1,0,0.25
88,4,3,0,0.25
88,3,1,0,0.25
88,4,0,0,0.25
88,1,2,0,0.25
88,4,0,0,0.25
88,1,0,0,0.25
88,1,2,0,0.25
88,4,1,0,0.25
88,5,0,0,0.25
88,2,3,0,0.25
88,1,3,0,0.25
88,0,1,0,0.25
88,1,3,0,0.25
88,0,0,0,0.25
88,0,3,0,0.25
88,0,0,0,0.25
88,0,0,0,0.25
88,0,0,0,0.25
88,0,1,0,0.25
88,1,3,0,0.25
88,0,0,0,0.25
88,0,0,0,0.25
88,0,0,0,0.25
88,0,2,0,0.25
88,3,3,0,0.25
88,3,3,0,0.25
88,3,2,0,0.25
88,6,0,0,0.25
88,3,0,0,0.25
88,0,0,0,0.25
88,0,2,0,0.25
88,3,0,0,0.25
88,0,3,0,0.25
88,0,0,0,0.25
88,0,3,0,0.25
88,0,1,0,0.25
88,1,0,0,0.25
88,1,3,0,0.25
88,0,1,0,0.25
88,1,3,0,0.25
88,0,3,0,0.25
88,0,0,0,0.25
88,0,1,0,0.25
88,1,0,0,0.25
88,1,0,0,0.25
88,1,0,0,0.25
88,1,1,0,0.25
88,2,3,0,0.25
88,1,3,0,0.25
88,0,1,0,0.25
88,1,0,0,0.25
88,1,1,0,0.25
88,2,3,0,0.25
88,1,0,0,0.25
88,1,3,0,0.25
88,0,3,0,0.25
88,0,1,0,0.25
88,1,1,0,0.25
88,2,0,0,0.25
88,2,0,0,0.25
88,2,3,0,0.25
88,1,1,0,0.25
88,2,2,0,0.25
88,5,3,0,0.25
88,4,0,0,0.25
88,1,1,0,0.25
88,2,1,0,0.25
88,2,2,0,0.25
88,5,0,0,0.25
88,2,3,0,0.25
88,1,3,0,0.25
88,0,3,0,0.25
88,0,1,0,0.25
88,1,0,0,0.25
88,1,3,0,0.25
88,0,0,0,0.25
88,0,0,0,0.25
88,0,1,0,0.25
88,1,1,0,0.25
88,2,3,0,0.25
88,1,3,0,0.25
89,0,1,0,0.25
89,1,2,0,0.25
89,4,0,0,0.25
89,1,2,0,0.25
89,4,0,0,0.25
89,1,1,0,0.25
89,2,0,0,0.25
89,2,2,0,0.25
89,5,2,1,0.25
90,0,2,0,0.25
90,3,1,0,0.25
90,4,3,0,0.25
90,3,0,0,0.25
90,0,1,0,0.25
90,1,2,0,0.25
90,4,3,0,0.25
90,3,3,0,0.25
90,3,3,0,0.25
90,3,2,0,0.25
90,6,2,0,0.25
90,6,1,-1,0.25
90,7,3,0,0.25
90,6,0,0,0.25
90,3,0,0,0.25
90,0,1,0,0.25
90,1,0,0,0.25
90,1,0,0,0.25
90,1,1,0,0.25
90,2,0,0,0.25
90,2,2,0,0.25
90,5,3,0,0.25
90,4,0,0,0.25
90,1,0,0,0.25
90,1,1,0,0.25
90,2,0,0,0.25
90,2,3,0,0.25
90,1,2,0,0.25
90,4,2,-1,0.25
90,7,3,0,0.25
90,6,3,0,0.25
90,6,3,0,0.25
90,6,3,0,0.25
90,6,3,0,0.25
90,6,1,-1,0.25
90,7,2,-1,0.25
90,7,3,0,0.25
90,6,1,-1,0.25
90,7,3,0,0.25
90,6,3,0,0.25
90,6,2,0,0.25
90,6,2,0,0.25
90,6,2,0,0.25
90,6,3,0,0.25
90,6,1,-1,0.25
90,7,3,0,0.25
90,6,2,0,0.25
90,6,2,0,0.25
90,6,2,0,0.25
90,6,2,0,0.25
90,6,0,0,0.25
90,3,3,0,0.25
90,3,1,0,0.25
90,4,2,-1,0.25
90,7,3,0,0.25
90,6,1,-1,0.25
90,7,2,-1,0.25
90,7,3,0,0.25
90,6,2,0,0.25
90,6,0,0,0.25
90,3,2,0,0.25
90,6,1,-1,0.25
90,7,0,0,0.25
90,4,0,0,0.25
90,1,2,0,0.25
90,4,2,-1,0.25
90,7,1,1,0.25
91,0,0,0,0.25
91,0,3,0,0.25
91,0,2,0,0.25
91,3,2,0,0.25
91,6,2,0,0.25
91,6,1,-1,0.25
91,7,0,0,0.25
91,4,3,0,0.25
91,3,3,0,0.25
91,3,0,0,0.25
91,0,3,0,0.25
91,0,3,0,0.25
91,0,3,0,0.25
91,0,0,0,0.25
91,0,3,0,0.25
91,0,0,0,0.25
91,0,2,0,0.25
91,3,1,0,0.25
91,4,0,0,0.25
91,1,2,0,0.25
91,4,0,0,0.25
91,1,2,0,0.25
91,4,3,0,0.25
91,3,0,0,0.25
91,0,0,0,0.25
91,0,2,0,0.25
91,3,1,0,0.25
91,4,0,0,0.25
91,1,0,0,0.25
91,1,0,0,0.25
91,1,0,0,0.25
91,1,0,0,0.25
91,1,2,0,0.25
91,4,3,0,0.25
91,3,2,0,0.25
91,6,1,-1,0.25
91,7,0,0,0.25
91,4,2,-1,0.25
91,7,2,-1,0.25
91,7,3,0,0.25
91,6,3,0,0.25
91,6,1,-1,0.25
91,7,2,-1,0.25
91,7,0,0,0.25
91,4,3,0,0.25
91,3,2,0,0.25
91,6,2,0,0.25
91,6,0,0,0.25
91,3,1,0,0.25
91,4,3,0,0.25
91,3,0,0,0.25
91,0,0,0,0.25
91,0,0,0,0.25
91,0,3,0,0.25
91,0,1,0,0.25
91,1,1,0,0.25
91,2,2,0,0.25
91,5,1,0,0.25
91,5,2,1,0.25
92,0,3,0,0.25
92,0,1,0,0.25
92,1,1,0,0.25
92,2,1,0,0.25
92,2,0,0,0.25
92,2,3,0,0.25
92,1,1,0,0.25
92,2,2,0,0.25
92,5,2,1,0.25
93,0,1,0,0.25
93,1,2,0,0.25
93,4,3,0,0.25
93,3,1,0,0.25
93,4,2,-1,0.25
93,7,2,-1,0.25
93,7,1,1,0.25
94,0,2,0,0.25
94,3,3,0,0.25
94,3,0,0,0.25
94,0,2,0,0.25
94,3,1,0,0.25
94,4,1,0,0.25
94,5,2,1,0.25
95,0,3,0,0.25
95,0,0,0,0.25
95,0,0,0,0.25
95,0,3,0,0.25
95,0,1,0,0.25
95,1,2,0,0.25
95,4,0,0,0.25
95,1,2,0,0.25
95,4,1,0,0.25
95,5,1,0,0.25
95,5,2,1,0.25
96,0,2,0,0.25
96,3,3,0,0.25
96,3,2,0,0.25
96,6,3,0,0.25
96,6,3,0,0.25
96,6,3,0,0.25
96,6,0,0,0.25
96,3,0,0,0.25
96,0,3,0,0.25
96,0,0,0,0.25
96,0,1,0,0.25
96,1,3,0,0.25
96,0,0,0,0.25
96,0,1,0,0.25
96,1,1,0,0.25
96,2,2,0,0.25
96,5,0,0,0.25
96,2,1,0,0.25
96,2,0,0,0.25
96,2,3,0,0.25
96,1,3,0,0.25
96,0,0,0,0.25
96,0,0,0,0.25
96,0,2,0,0.25
96,3,2,0,0.25
96,6,0,0,0.25
96,3,2,0,0.25
96,6,2,0,0.25
96,6,0,0,0.25
96,3,0,0,0.25
96,0,2,0,0.25
96,3,1,0,0.25
96,4,1,0,0.25
96,5,3,0,0.25
96,4,3,0,0.25
96,3,0,0,0.25
96,0,1,0,0.25
96,1,1,0,0.25
96,2,1,0,0.25
96,2,1,0,0.25
96,2,0,0,0.25
96,2,3,0,0.25
96,1,0,0,0.25
96,1,1,0,0.25
96,2,1,0,0.25
96,2,2,0,0.25
96,5,3,0,0.25
96,4,3,0,0.25
96,3,3,0,0.25
96,3,3,0,0.25
96,3,0,0,0.25
96,0,1,0,0.25
96,1,2,0,0.25
96,4,1,0,0.25
96,5,0,0,0.25
96,2,1,0,0.25
96,2,2,0,0.25
96,5,0,0,0.25
96,2,0,0,0.25
96,2,0,0,0.25
96,2,0,0,0.25
96,2,2,0,0.25
96,5,0,0,0.25
96,2,1,0,0.25
96,2,0,0,0.25
96,2,0,0,0.25
96,2,2,0,0.25
96,5,2,1,0.25
97,0,1,0,0.25
97,1,3,0,0.25
97,0,1,0,0.25
97,1,3,0,0.25
97,0,2,0,0.25
97,3,3,0,0.25
97,3,2,0,0.25
97,6,3,0,0.25
97,6,1,-1,0.25
97,7,2,-1,0.25
97,7,3,0,0.25
97,6,0,0,0.25
97,3,3,0,0.25
97,3,3,0,0.25
97,3,0,0,0.25
97,0,0,0,0.25
97,0,2,0,0.25
97,3,0,0,0.25
97,0,2,0,0.25
97,3,1,0,0.25
97,4,1,0,0.25
97,5,1,0,0.25
97,5,3,0,0.25
97,4,1,0,0.25
97,5,2,1,0.25
98,0,1,0,0.25
98,1,0,0,0.25
98,1,2,0,0.25
98,4,2,-1,0.25
98,7,3,0,0.25
98,6,2,0,0.25
98,6,1,-1,0.25
98,7,1,1,0.25
99,0,3,0,0.25
99,0,2,0,0.25
99,3,0,0,0.25
99,0,3,0,0.25
99,0,1,0,0.25
99,1,2,0,0.25
99,4,0,0,0.25
99,1,3,0,0.25
99,0,2,0,0.25
99,3,2,0,0.25
99,6,1,-1,0.25
99,7,2,-1,0.25
99,7,3,0,0.25
99,6,1,-1,0.25
99,7,0,0,0.25
99,4,1,0,0.25
99,5,3,0,0.25
99,4,0,0,0.25
99,1,2,0,0.25
99,4,3,0,0.25
99,3,3,0,0.25
99,3,2,0,0.25
99,6,0,0,0.25
99,3,3,0,0.25
99,3,0,0,0.25
99,0,3,0,0.25
99,0,1,0,0.25
99,1,0,0,0.25
99,1,3,0,0.25
99,0,3,0,0.25
99,0,0,0,0.25
99,0,3,0,0.25
99,0,3,0,0.25
99,0,1,0,0.25
99,1,2,0,0.25
99,4,1,0,0.25
99,5,2,1,0.25
